Taxa Group;Family;Subfamily;Genus (if description at this level);Species (if description at this level);Author;ID_ART;Shortcode;Taxa (Original label in the French data-base);Modalities;< 0.25 cm;> 0.25-0.5 cm;> 0.5-1 cm;> 1-2 cm;> 2-4 cm;> 4-8 cm;> 8 cm;<1 year;> 1 year;< 1;1;> 1;egg;larva;nymph;adult;ovoviviparity;isolated eggs, free;isolated eggs, cemented;clutches, cemented or fixed;clutches, free;clutches, in vegetation;clutches, terrestrial;asexual reproduction;aquatic passive;aquatic active;aerial passive;aerial active;eggs, statoblasts;cocoons;housings against desiccation;diapause or dormancy;none;tegument;gill;plastron;spiracle;hydrostatic vesicle;flier;surface swimmer;full water swimmer;crawler;burrower;interstitial;temporarily attached;permanently attached;microorganisms;detritus < 1mm;dead plant >= 1mm;living microphytes;living macrophytes;dead animal >= 1mm;living microinvertebrates;living macroinvertebrates;vertebrates;absorber;deposit feeder;shredder;scraper;filter-feeder;piercer;predator;parasite;river channel;banks, connected side-arms;ponds, pools, disconnected side-arms;marshes, peat bogs;temporary waters;lakes;groundwaters;crenon;epirithron;metarithron;hyporithron;epipotamon;metapotamon;estuary;outside river system;lowlands;piedmont level;alpine level;2 : Pyrenees;4 : Alps;8 : Vosges, Jura, Massif Central;13a : lowlands (oceanic);13b : lowlands (mediterranean);flags/boulders/cobbles/pebbles;gravel;sand;silt;macrophytes;microphytes;twigs/roots;organic detritus/litter;mud;null;slow;medium;fast;oligotrophic;mesotrophic;eutrophic;fresh water;brackish water;psychrophilic;thermophilic;eurythermic;xenosaprobic;oligosaprobic;b-mesosaprobic;a-mesosaprobic;polysaprobic;< 4;> 4-4.5;> 4.5-5;> 5-5.5;> 5.5-6;> 6
Ephemeroptera;BAETIDAE;BAETINAE;Acentrella;sinaica;BOGOESCU, 1947;4195;Acensina;Acentrella sinaica;;0;0;3;0;0;0;0;3;0;0;3;0;3;3;0;0;0;0;0;3;0;0;0;0;2;1;1;2;0;0;0;0;2;1;2;0;0;0;0;0;1;4;0;0;0;0;0;2;1;3;1;0;0;0;0;0;1;0;3;0;0;0;0;3;0;0;0;0;0;0;0;2;3;2;0;0;0;0;3;1;0;1;2;1;1;0;3;0;0;0;0;0;0;0;0;0;0;3;0;3;0;0;3;0;0;0;3;1;3;1;0;0;0;0;0;0;0;3
Lepidoptera;PYRALIDAE;ACENTROPINAE;Acentria;ephemerella;DENIS & SCHIFFERMÜLLER, 1775;9453;Acenephe;Acentria nivea ;;0;0;3;0;0;0;0;0;2;0;2;2;2;3;3;2;0;0;0;3;0;0;0;0;0;2;0;2;0;3;0;3;0;3;0;0;1;0;0;0;1;3;0;0;2;0;0;0;0;0;5;0;0;0;0;0;0;3;0;0;0;0;0;1;3;4;1;0;4;0;1;2;2;2;2;1;0;3;3;1;0;3;3;3;3;1;0;0;0;0;4;0;0;1;0;2;3;0;0;1;3;1;3;1;0;0;3;0;1;3;1;0;0;0;1;1;1;3
Coleoptera;DYTISCIDAE;DYTISCINAE;Acilius;sp. Ad. / Lv.;;11768 / 4199;AcilspAd / Acilsp.;Acilius;;0;0;0;3;0;0;0;0;3;0;3;0;3;3;0;2;0;0;0;3;0;0;0;0;0;1;0;3;0;0;0;0;3;1;0;0;3;0;1;0;3;3;0;0;0;0;0;0;0;0;0;0;1;3;1;0;0;3;0;0;3;0;0;0;0;3;3;0;1;0;0;0;0;0;0;0;0;5;3;0;0;3;3;3;3;3;0;0;0;0;3;0;0;3;3;3;0;0;0;0;1;3;3;1;0;0;3;0;0;1;2;0;1;1;1;2;2;3
Gastropoda;ACROLOXIDAE;[Fam:ACROLOXIDAE];Acroloxus;lacustris;LINNAEUS, 1758;4205;Acrolacu;Acroloxus lacustris;;0;0;3;0;0;0;0;3;0;0;3;0;3;0;0;3;0;0;0;3;0;0;0;0;2;1;0;0;0;0;0;0;2;3;0;0;0;0;0;0;0;1;3;0;0;0;0;0;2;4;0;1;0;0;0;0;0;1;3;0;0;0;0;0;1;3;0;0;0;0;0;0;1;2;3;2;0;3;3;0;0;3;3;3;3;3;1;0;0;0;5;2;0;2;3;3;2;0;0;0;3;2;3;1;0;0;3;0;1;2;2;0;0;0;1;1;2;3
Trichoptera;LEPTOCERIDAE;[Fam:LEPTOCERIDAE];Adicella;sp.;;8859;Adicsp. ;Adicella;;0;0;3;0;0;0;0;3;0;0;3;0;3;3;3;0;0;0;0;3;0;0;0;0;1;1;1;2;0;0;0;0;1;2;2;0;0;0;0;0;0;5;0;0;0;0;0;0;0;1;4;0;0;0;0;0;0;3;3;0;0;0;0;0;2;0;0;2;0;0;4;3;1;1;0;0;0;2;3;1;0;2;2;2;2;1;2;0;0;0;3;0;2;0;0;1;3;1;0;3;0;0;3;0;0;0;1;2;3;2;0;0;1;2;3;3;3;3
Odonata;AESHNIDAE;AESHNINAE;Aeshna;sp.;;4226;Aeshsp. ;Aeschna;;0;0;0;0;2;3;0;1;3;3;1;0;1;3;0;0;0;2;0;0;0;3;3;0;1;1;0;3;2;0;0;1;0;1;3;0;0;0;0;0;0;5;0;0;0;0;0;0;0;0;0;0;1;4;1;0;0;0;0;0;0;3;0;0;1;2;2;0;3;0;0;1;0;0;1;1;0;4;2;3;2;2;3;3;2;2;0;0;0;0;4;0;2;3;2;3;1;0;0;1;3;0;3;1;0;0;3;0;1;3;1;0;0;1;1;2;2;3
Coleoptera;DYTISCIDAE;COLYMBETINAE;Agabus;sp. Ad. / Lv.;;11659 / 4243;AgabspAd / Agabsp. ;Agabus;;0;0;3;2;0;0;0;0;3;0;3;1;3;3;0;2;0;0;0;3;0;1;0;0;1;1;0;3;0;0;0;0;3;1;0;0;3;0;1;0;3;3;0;0;0;0;0;0;0;0;0;0;1;3;1;0;0;3;0;0;3;0;0;0;1;2;2;1;2;0;0;1;2;3;2;1;0;3;3;2;1;3;3;3;3;3;0;1;1;1;3;0;0;3;3;3;1;0;0;1;3;3;3;1;0;0;3;0;3;3;2;0;1;1;2;3;3;3
Trichoptera;GLOSSOSOMATIDAE;[Fam:GLOSSOSOMATIDAE];Agapetus;sp.;;4254;Agapsp. ;Agapetus;;0;0;3;0;0;0;0;3;0;0;3;1;3;3;3;0;0;0;0;3;0;0;0;0;1;2;1;1;0;2;0;2;0;3;0;0;0;0;0;0;0;1;0;0;3;0;0;1;0;5;0;0;0;0;0;0;1;0;3;0;0;0;0;3;2;0;0;1;1;0;1;4;2;4;1;0;0;1;3;1;1;2;2;2;2;1;5;2;1;0;1;0;0;1;0;0;2;2;1;3;1;0;3;0;1;0;3;2;3;3;0;0;0;0;0;1;3;3
Trichoptera;HYDROPTILIDAE;[Fam:HYDROPTILIDAE];Agraylea;sp.;;4257;Agrasp. ;Agraylea;;0;3;1;0;0;0;0;3;0;0;1;3;3;3;3;0;0;0;0;3;0;0;0;0;1;1;1;1;0;0;0;0;3;3;0;0;0;0;0;0;1;3;0;0;1;0;0;2;0;2;4;0;0;0;0;0;1;0;0;0;3;0;0;1;2;3;0;0;3;0;0;0;0;1;2;3;1;3;1;0;0;0;2;2;2;0;1;0;1;0;5;1;2;1;1;3;3;0;0;3;2;1;3;1;0;0;0;0;1;3;3;0;0;0;0;0;0;3
Hymenoptera;AGRIOTYPIDAE;AGRIOTYPINAE;Agriotypus;sp.;;?;?;Agriotypus;;0;0;3;0;0;0;0;3;0;0;3;0;3;3;3;1;0;0;3;0;0;0;0;0;0;0;0;3;0;0;0;3;0;3;0;0;3;0;0;0;1;0;0;0;1;3;0;0;0;0;0;0;0;5;0;0;0;0;0;0;0;0;3;3;1;0;0;0;1;0;1;2;2;2;1;0;0;1;3;1;0;2;3;3;2;3;3;3;3;0;0;0;0;0;0;0;2;2;2;1;2;0;3;0;0;0;3;0;0;0;0;0;0;0;0;0;0;3
Trichoptera;PHRYGANEIDAE;[Fam:PHRYGANEIDAE];Agrypnia;sp.;;8864;Agrysp. ;Agrypnia;;0;0;0;1;3;0;0;2;3;3;3;0;3;3;3;0;0;0;0;3;0;0;0;0;1;3;1;2;0;0;0;3;0;2;3;0;0;0;0;0;0;5;0;0;0;0;0;0;1;3;1;1;2;4;0;0;0;3;1;0;0;1;0;0;1;3;2;2;3;0;0;0;0;0;1;1;1;4;3;1;0;2;3;2;2;2;2;0;0;0;3;0;2;2;0;3;2;0;0;2;2;1;3;2;0;0;3;0;3;3;0;0;2;3;3;3;2;2
Trichoptera;LIMNEPHILIDAE;LIMNEPHILINAE;Allogamus;sp.;;4266;allogasp;Allogamus;;0;0;0;1;3;0;0;3;0;0;3;0;3;3;3;0;0;0;0;1;0;0;0;0;0;2;0;3;0;0;0;0;3;3;2;0;0;0;0;0;0;5;0;0;0;0;0;0;3;2;1;0;0;2;0;0;0;3;1;0;0;1;0;2;1;0;0;0;0;0;1;3;4;1;1;1;0;0;2;3;1;2;2;2;2;2;3;2;0;0;0;0;0;3;1;0;3;2;2;2;1;0;3;0;1;0;2;2;3;2;1;0;0;0;1;3;3;3
Trichoptera;HYDROPTILIDAE;[Fam:HYDROPTILIDAE];Allotrichia;pallicornis;EATON, 1873;4274;Allopall;Allotrichia pallicornis;;0;3;2;0;0;0;0;3;0;0;1;3;3;3;3;0;0;0;0;3;0;0;0;0;1;1;1;1;0;0;0;0;3;3;0;0;0;0;0;0;0;3;0;0;1;0;0;3;0;1;1;0;0;0;0;0;1;0;3;0;1;0;0;3;0;1;0;0;1;0;0;2;2;3;1;1;0;0;3;1;0;2;2;2;2;2;3;0;0;0;3;0;0;0;0;0;3;2;1;0;1;1;3;0;0;0;0;0;0;0;0;0;0;0;0;0;1;3
Ephemeroptera;AMELETIDAE;AMELETINAE;Ameletus;inopinatus;EATON, 1887;4288;Amelinop;Ameletus inopinatus;;0;0;0;3;0;0;0;3;0;0;3;0;3;3;0;0;0;1;3;0;0;0;0;0;1;3;1;3;2;0;0;0;2;1;2;0;0;0;0;0;5;1;0;0;0;0;1;2;3;2;0;0;0;0;0;0;2;1;3;0;0;0;0;3;3;0;0;0;2;0;2;3;1;0;0;0;0;1;2;2;0;0;0;2;0;0;3;1;1;1;0;0;2;1;2;1;1;3;1;3;0;0;3;0;0;0;3;3;3;0;0;0;0;1;1;1;3;3
Oligochaeta;NAIDIDAE;[Fam:NAIDIDAE];Amphichaeta;sp.;;8869;amphchsp;Amphichaeta;;3;3;0;0;0;0;0;0;1;0;0;3;3;3;0;3;0;2;1;0;0;0;0;3;2;0;0;0;0;3;0;0;0;3;0;0;0;0;0;0;0;0;0;1;0;0;0;0;0;3;0;0;0;0;0;0;2;0;0;0;0;0;0;0;2;0;0;0;1;0;0;0;1;1;1;1;0;0;3;0;0;0;3;3;3;0;0;0;2;3;0;0;0;0;1;2;2;1;0;0;3;1;2;3;0;1;3;0;1;3;1;0;0;0;0;2;3;3
Plecoptera;NEMOURIDAE;[Fam:NEMOURIDAE];Amphinemura;sp.;;4293;amphinsp;Amphinemura;;0;1;3;0;0;0;0;3;0;0;3;0;3;3;0;0;0;0;3;0;0;0;0;0;2;2;0;1;1;0;0;2;2;3;2;0;0;0;0;0;0;5;0;0;0;0;0;1;2;1;0;0;0;0;0;0;1;3;0;0;0;0;0;4;3;0;0;0;1;0;2;4;3;1;0;0;0;1;3;1;1;2;2;2;2;1;3;0;0;0;4;0;0;2;0;0;1;2;1;3;0;0;3;0;3;0;0;1;3;1;0;0;0;1;2;2;3;3
Trichoptera;LIMNEPHILIDAE;LIMNEPHILINAE;Anabolia;sp.;;4301;Anabsp. ;Anabolia;;0;0;0;2;3;0;0;3;0;0;3;0;3;3;3;0;0;0;0;3;0;0;0;0;3;2;0;3;0;0;0;3;1;2;3;0;0;0;0;0;0;5;0;0;0;0;0;1;3;3;3;0;0;1;0;0;1;3;2;0;0;1;0;0;2;3;0;1;3;0;1;3;5;3;2;1;0;4;3;0;0;1;2;2;2;2;3;0;2;0;5;0;0;1;0;1;3;2;0;2;3;1;3;1;0;0;3;0;1;3;1;0;0;0;1;1;2;3
Coleoptera;HYDROPHILIDAE;HYDROPHILINAE;Anacaena;sp. Ad. / Lv.;;9595 / 4306;anacspad / Anacsp. ;Anacaena;;0;3;0;0;0;0;0;1;3;0;3;1;3;3;0;2;0;0;0;3;0;0;0;0;0;1;0;3;0;0;0;0;3;1;0;1;3;0;1;0;3;3;0;0;0;0;0;0;0;3;0;0;3;1;0;0;0;3;0;0;0;1;0;0;0;3;3;1;0;0;0;0;0;0;0;0;0;5;3;0;0;3;3;3;3;3;0;0;0;0;3;3;0;3;3;3;0;0;0;2;2;3;3;1;0;0;3;0;0;1;2;0;1;1;2;2;3;3
Odonata;AESHNIDAE;AESHNINAE;Aeshna;isosceles;MÜLLER, 1767;4224;Aeshisos;Anaciaeschna isosceles;;0;0;0;0;1;3;0;0;3;3;0;0;2;3;0;0;0;0;0;0;0;3;0;0;0;1;0;3;0;0;0;0;3;1;3;0;0;0;0;0;0;5;0;0;0;0;0;0;0;0;0;0;1;4;1;0;0;0;0;0;0;3;0;0;0;3;3;0;3;0;0;0;0;0;0;0;0;5;3;0;0;1;1;1;1;1;0;0;0;0;2;0;2;2;1;3;0;0;0;0;2;1;3;0;0;0;3;0;0;3;1;0;0;0;1;3;3;3
Odonata;AESHNIDAE;AESHNINAE;Anax;sp.;;8871;Anaxsp. ;Anax;;0;0;0;0;0;3;0;2;2;1;3;0;2;3;0;0;0;0;0;0;0;3;2;0;0;1;0;3;2;0;0;2;2;1;3;0;0;0;0;0;2;4;0;0;0;0;0;0;0;0;0;0;1;4;1;0;0;0;0;0;0;3;0;0;1;3;0;1;2;0;0;0;0;0;2;1;0;5;3;1;0;1;1;1;1;1;0;0;0;0;4;0;0;0;0;3;0;0;0;3;0;0;3;1;0;0;3;0;1;3;1;0;0;0;1;2;3;3
Gastropoda;PLANORBIDAE;[Fam:PLANORBIDAE];Ancylus;fluviatilis;O.F. MÜLLER, 1774;4310;Ancyfluv;Ancylus fluviatilis;;0;0;3;3;0;0;0;3;0;0;3;0;3;0;0;3;0;0;0;3;0;0;0;0;2;1;1;0;0;0;0;0;2;3;0;0;0;0;0;0;0;3;0;0;2;0;0;0;2;5;2;0;0;0;0;0;0;0;3;0;0;0;0;3;3;0;0;1;1;0;2;3;4;1;1;1;0;1;3;2;1;3;3;3;3;3;5;4;0;0;2;2;1;0;0;1;1;3;2;2;1;0;3;2;0;0;3;1;2;2;2;0;0;0;0;1;1;3
Heteroptera;NOTONECTIDAE;ANISOPINAE;Anisops;sardeus sardeus;HERRICH-SCHÄFFER, 1849;14934;Anissard;Anisops sardea;;0;0;3;0;0;0;0;3;0;0;1;1;2;3;0;2;0;0;0;0;0;3;0;0;0;2;0;3;1;0;0;2;0;1;0;0;3;0;2;0;4;0;0;0;0;0;0;0;0;0;0;0;0;5;0;0;0;0;0;0;3;0;0;0;1;3;1;0;0;0;0;0;0;0;0;0;2;5;3;0;0;3;0;0;3;3;0;0;0;0;1;0;0;1;1;3;1;0;0;1;1;1;3;1;0;0;3;0;1;1;1;0;0;0;0;0;0;0
Gastropoda;PLANORBIDAE;[Fam:PLANORBIDAE];Anisus;sp.;STUDER, 1820;8874;anisussp;Anisus;;0;0;3;2;0;0;0;3;0;0;3;0;3;0;0;1;0;0;0;3;0;0;0;0;2;1;0;0;1;0;1;3;0;3;0;0;0;0;0;1;0;3;0;0;0;0;0;0;3;4;3;1;0;0;0;0;0;1;2;0;0;0;0;0;3;2;0;3;0;0;0;0;1;2;2;1;0;4;3;0;0;3;3;3;3;3;3;1;0;0;5;1;0;0;3;3;1;0;0;3;2;0;3;2;0;0;3;0;1;3;1;0;0;0;1;1;1;3
Bivalvia;UNIONIDAE;ANODONTINAE;Anodonta;sp.;LAMARCK, 1799;4326;Anodsp. ;Anodonta;;0;0;0;0;0;0;3;0;3;0;3;0;3;3;0;3;3;0;0;0;0;0;0;0;3;1;2;0;0;0;0;0;3;1;3;0;0;0;0;0;0;0;3;0;1;0;0;0;3;3;2;0;3;0;3;0;0;0;0;3;3;0;3;0;1;2;0;0;1;0;0;0;1;2;4;4;0;1;3;0;0;3;3;3;3;3;0;2;5;4;2;0;0;0;4;3;3;0;0;1;2;1;3;1;0;0;3;0;1;2;2;0;0;0;0;0;1;3
Trichoptera;LIMNEPHILIDAE;DRUSINAE;Anomalopterygella;chauviniana;STEIN, 1874;4327;Anomchau;Anomalopterygella chauviniana;;0;0;3;1;0;0;0;1;0;0;3;0;3;3;3;0;0;0;0;3;0;0;1;0;0;2;0;2;0;0;0;0;0;2;2;0;0;0;0;0;0;5;0;0;0;0;0;0;0;3;2;0;0;0;0;0;0;2;3;0;0;0;0;0;0;0;0;0;3;0;0;2;3;1;1;0;0;0;2;3;1;3;0;3;0;0;3;0;0;0;0;0;0;0;0;0;0;2;3;2;0;0;3;0;2;0;1;1;3;2;1;0;0;0;1;3;3;3
Diptera;CULICIDAE;ANOPHELINAE;Anopheles;sp.;;4328;Anopsp. ;Anopheles;;0;0;3;0;0;0;0;3;0;0;2;2;1;3;3;0;0;3;0;0;1;0;0;0;0;0;2;3;1;0;0;2;1;0;0;0;3;0;0;4;1;0;0;0;0;0;0;3;0;3;0;0;3;0;0;0;2;0;1;0;0;3;0;0;1;4;2;4;2;0;0;0;1;1;1;0;1;5;3;0;0;2;2;2;2;2;0;0;0;0;3;1;0;1;0;3;2;0;0;1;2;1;3;2;1;0;3;0;1;3;2;2;1;1;1;1;1;2
Crustacea;[Ord:Anostraca];[Ord:Anostraca];Anostraca;Gen. sp.;;9254;AnosGen.;Anostraca;;0;0;2;3;1;0;0;3;0;0;0;3;2;3;0;3;1;0;0;0;0;0;0;0;0;0;3;0;3;0;0;0;0;1;3;0;0;0;0;0;3;0;0;0;0;0;0;3;3;0;0;0;0;0;0;0;2;0;0;3;0;0;0;0;0;2;2;3;0;0;0;0;0;0;0;0;0;3;3;3;2;0;2;2;2;2;0;0;0;2;0;0;0;2;3;3;0;0;0;0;0;3;3;2;0;2;3;1;1;1;1;1;0;0;0;0;0;0
Trichoptera;APATANIIDAE;[Fam:APATANIIDAE];Apatania;sp.;;4334;Apatsp. ;Apatania;;0;0;3;1;0;0;0;3;1;1;3;0;2;3;3;0;0;0;0;3;0;0;3;0;3;2;0;2;0;0;0;2;1;3;2;0;0;0;0;0;0;5;0;0;1;0;0;1;1;4;1;0;0;1;0;0;1;0;3;0;0;1;0;2;0;2;0;2;2;0;3;2;2;0;0;0;1;2;2;3;1;1;2;2;1;0;3;2;2;1;2;0;0;2;1;0;3;2;2;3;1;0;3;1;3;0;0;3;2;1;0;0;0;0;0;2;3;3
Heteroptera;APHELOCHEIRIDAE;[Fam:APHELOCHEIRIDAE];Aphelocheirus;aestivalis;FABRICIUS, 1794;4335;Apheaest;Aphelocheirus aestivalis;;0;0;2;2;0;0;0;0;3;0;3;0;3;3;0;3;0;0;3;0;0;0;0;0;3;3;0;0;0;0;0;1;0;1;0;1;1;0;0;0;2;3;3;0;0;0;0;0;0;0;0;0;0;3;0;0;0;0;0;0;3;0;0;3;1;0;0;0;1;0;0;0;0;3;3;3;0;1;3;0;0;0;0;0;3;0;5;3;1;1;3;0;1;1;0;0;2;3;2;3;0;0;3;0;0;0;3;0;1;2;0;0;0;0;0;0;0;3
Gastropoda;PHYSIDAE;[Fam:PHYSIDAE];Aplexa;hypnorum;LINNAEUS, 1758;4336;Aplehypn;Aplexa hypnorum;;0;0;0;3;0;0;0;3;0;0;3;1;3;0;0;2;0;0;0;3;0;0;0;0;2;1;0;0;1;0;0;3;0;3;0;0;0;0;0;1;0;3;0;0;0;0;0;0;2;3;1;1;0;1;0;0;0;1;2;0;0;0;0;0;1;2;0;3;0;0;2;0;0;0;1;0;0;3;3;0;0;3;3;3;3;1;3;1;0;0;4;1;0;2;3;2;2;0;0;0;3;1;3;1;0;0;3;0;2;3;0;0;0;0;1;1;2;3
Heteroptera;CORIXIDAE;CORIXINAE;Arctocorisa;sp.;;8881;arctocsp;Arctocorisa;;0;0;3;0;0;0;0;3;0;0;3;0;3;3;0;2;0;0;1;3;0;0;0;0;0;2;0;2;0;0;0;1;0;1;0;2;3;0;1;0;5;0;0;0;0;0;0;0;0;2;2;0;3;1;0;0;0;2;1;0;3;0;0;0;0;1;0;0;3;0;0;0;0;0;0;0;0;5;2;2;3;3;3;0;0;0;0;0;0;2;2;0;2;0;0;2;0;0;0;3;0;0;3;2;0;0;3;0;3;0;0;0;0;0;2;3;3;3
Plecoptera;PERLODIDAE;[Fam:PERLODIDAE];Arcynopteryx;compacta;McLACHLAN, 1872;4345;Arcycomp;Arcynopteryx compacta;;0;0;0;3;0;0;0;0;3;3;0;0;3;3;0;0;0;0;0;3;0;0;0;0;2;2;0;1;3;0;0;0;0;3;0;0;0;0;0;0;0;5;0;0;0;0;1;1;2;1;2;0;0;5;0;0;0;1;0;0;0;2;0;0;2;2;0;0;3;0;3;2;1;0;0;0;0;4;0;2;3;3;0;1;0;0;3;1;0;0;1;0;0;0;0;0;2;2;1;3;0;0;3;0;3;0;1;3;1;0;0;0;0;0;0;2;3;3
Crustacea;ARGULIDAE;[Fam:ARGULIDAE];Argulus;sp.;;4348;Argusp. ;Argulus;;0;0;3;1;0;0;0;3;0;0;0;3;2;3;0;3;0;0;0;3;0;0;0;0;3;1;0;0;0;0;0;0;3;1;3;0;0;0;0;0;1;0;0;0;3;0;0;0;0;0;0;0;0;0;3;0;0;0;0;0;2;0;3;0;1;3;0;0;3;0;0;0;0;0;1;1;0;3;3;0;0;0;3;1;3;0;1;1;1;1;1;1;1;1;1;3;2;0;0;1;1;1;3;0;0;2;2;0;0;0;0;0;0;0;0;0;0;0
Gastropoda;PLANORBIDAE;[Fam:PLANORBIDAE];Gyraulus;crista;LINNAEUS, 1758;5356;Gyracris;Armiger crista;;0;3;0;0;0;0;0;3;0;0;3;0;3;0;0;3;0;0;0;3;0;0;0;0;2;1;0;0;0;0;0;1;1;3;0;0;0;0;0;1;0;3;0;0;0;0;0;0;1;3;0;1;0;0;0;0;0;1;3;0;0;0;0;0;2;1;0;0;0;0;0;0;0;1;3;1;0;1;3;0;0;2;2;2;2;1;0;0;0;0;4;0;1;1;0;3;1;0;0;0;2;2;3;1;0;0;3;0;0;3;0;0;0;1;1;1;2;3
Crustacea;ASELLIDAE;[Fam:ASELLIDAE];Asellus;aquaticus;LINNAEUS, 1758;8691;Aselaqua;Asellus aquaticus;;0;0;0;3;0;0;0;3;1;0;1;3;3;3;0;3;3;0;0;0;0;0;0;0;3;0;0;0;0;0;0;2;2;0;3;0;0;0;0;0;0;3;0;2;0;0;0;1;3;1;1;0;0;0;0;0;0;3;0;0;0;0;0;3;5;3;0;0;2;0;2;2;2;2;2;2;2;2;3;0;0;0;3;3;2;0;1;1;1;0;5;3;2;3;1;3;3;0;0;1;3;2;3;2;0;0;3;0;0;2;3;1;1;1;1;2;3;3
Crustacea;ASTACIDAE;[Fam:ASTACIDAE];Astacus;astacus;LINNAEUS, 1758;4357;Astaasta;Astacus astacus;;0;0;0;0;0;0;3;0;3;0;3;0;3;3;0;3;3;0;0;2;0;0;0;0;0;2;0;0;0;0;0;0;3;0;3;0;0;0;0;0;1;4;2;0;0;0;0;0;1;0;1;0;0;2;2;0;1;1;0;0;0;2;0;0;2;2;0;0;1;0;0;1;2;2;1;0;0;1;3;0;0;2;1;2;2;1;2;0;1;0;0;0;0;0;1;2;2;1;0;3;1;0;3;1;2;2;2;0;1;2;1;0;0;0;1;1;1;1
Diptera;ATHERICIDAE;[Fam:ATHERICIDAE];Atherix;sp.;;4365;Athesp. ;Atherix;;0;0;0;0;3;0;0;3;1;1;3;0;0;3;0;0;0;0;0;0;0;0;3;0;0;1;0;1;0;0;0;0;3;0;1;0;0;0;0;0;0;5;0;2;0;0;0;0;0;0;0;0;0;5;0;0;0;0;0;0;3;0;0;1;2;0;0;0;1;0;1;2;2;2;1;0;0;1;1;1;1;2;2;2;2;2;4;2;0;0;4;0;1;1;1;0;2;3;0;3;2;0;3;0;0;0;3;1;2;3;1;0;0;0;0;0;1;3
Trichoptera;LEPTOCERIDAE;[Fam:LEPTOCERIDAE];Athripsodes;sp.;;4371;Athrsp. ;Athripsodes;;0;0;2;2;0;0;0;3;0;0;3;0;3;3;3;0;0;0;0;3;0;0;0;0;2;1;1;3;0;0;0;0;3;2;3;0;0;0;0;0;0;5;0;0;0;0;0;0;0;1;4;0;0;0;0;0;0;3;1;0;0;0;0;0;4;2;0;0;3;0;0;1;2;3;4;3;1;1;3;0;0;2;2;2;2;2;4;2;1;1;2;0;3;1;1;1;3;1;0;1;3;0;3;1;1;0;3;0;1;3;1;0;0;0;2;3;3;3
Diptera;ATHERICIDAE;[Fam:ATHERICIDAE];Atrichops;crassipes;MEIGEN, 1820;4374;Atricras;Atrichops crassipes;;0;0;0;3;0;0;0;3;1;1;3;0;0;3;0;0;0;0;0;0;0;0;3;0;1;1;0;1;0;0;0;0;3;0;1;0;0;0;0;0;0;5;0;0;0;0;0;0;0;0;0;0;0;5;0;0;0;0;0;0;3;0;0;0;2;2;0;0;2;0;1;1;1;1;1;1;0;1;0;0;0;1;1;3;3;3;0;1;4;2;0;0;0;0;2;1;3;0;0;2;1;0;3;0;0;0;0;0;1;3;0;0;0;0;0;0;0;0
Crustacea;ATYIDAE;[Fam:ATYIDAE];Atyaephyra;desmaresti;MILLET, 1831;9272;Atyadesm;Atyaephyra desmarestii;;0;0;0;0;3;0;0;1;3;0;3;0;3;3;0;3;3;0;0;0;0;0;0;0;1;1;0;0;0;0;0;0;3;0;3;0;0;0;0;0;5;0;0;0;0;0;0;1;3;0;0;0;1;0;0;0;0;3;1;0;0;0;0;1;3;1;3;1;2;0;0;0;0;0;2;3;0;2;3;0;0;0;1;1;3;1;1;0;0;0;3;0;0;0;0;3;2;0;0;0;2;3;3;1;0;1;3;0;1;3;1;0;0;0;0;0;1;3
Coleoptera;GYRINIDAE;ORECTOCHILINAE;Aulonogyrus;sp. Ad. / Lv.;;12394 / 12395;AulspAd / AulspLv;Aulonogyrus;;0;0;3;0;0;0;0;1;3;0;3;0;3;3;0;2;0;0;0;3;0;0;0;0;0;2;0;3;0;0;0;0;3;1;3;0;3;0;1;3;3;3;0;0;0;0;0;0;0;0;0;0;1;3;0;0;0;3;0;0;3;0;0;0;2;3;0;0;0;0;0;0;0;0;1;1;1;4;3;0;0;0;0;0;1;3;0;0;0;0;5;0;0;0;0;3;2;1;0;0;0;3;3;0;0;0;3;0;0;0;0;0;0;0;1;1;1;2
Crustacea;ASTACIDAE;[Fam:ASTACIDAE];Austropotamobius;sp.;;8887;austrosp;Austropotamobius;;0;0;0;0;0;0;3;0;3;3;0;0;3;3;0;2;3;0;0;3;0;0;0;0;0;2;0;0;2;0;0;2;0;0;3;0;0;0;0;0;1;4;1;0;0;0;0;0;3;0;2;2;0;2;0;0;0;3;0;0;0;0;0;0;2;2;0;0;1;0;0;3;3;0;0;0;0;1;3;0;0;3;3;3;3;3;3;1;0;0;0;0;1;0;0;0;1;3;2;3;0;0;3;0;3;1;1;1;1;0;0;0;0;0;0;0;0;0
Ephemeroptera;BAETIDAE;BAETINAE;Baetis;sp.;;4419;baetissp;Baetis;;0;0;3;1;0;0;0;3;0;0;2;3;3;3;0;0;0;0;1;3;0;0;0;0;3;2;1;3;2;0;0;0;2;1;2;0;0;0;0;0;3;4;0;1;0;0;0;2;2;5;1;1;0;0;0;0;1;0;3;0;0;0;0;4;3;0;0;1;1;0;3;4;4;4;3;2;0;1;3;2;1;3;3;3;3;1;4;2;1;0;5;0;3;1;0;0;2;3;2;3;3;3;3;1;0;0;3;1;2;3;1;0;1;1;1;2;3;3
Gastropoda;PLANORBIDAE;[Fam:PLANORBIDAE];Bathyomphalus;contortus;LINNAEUS, 1758;4433;Bathcont;Bathyomphalus contortus;;0;3;2;0;0;0;0;3;0;0;3;0;3;0;0;3;0;0;0;3;0;0;0;0;2;1;0;0;0;0;0;1;1;3;0;0;0;0;0;1;0;3;0;0;0;0;0;3;2;0;0;1;0;0;0;0;0;2;0;0;0;0;0;0;2;3;0;3;0;0;0;0;3;2;2;0;0;5;3;0;0;3;3;3;3;3;3;1;0;0;5;1;0;0;3;3;2;0;0;3;1;0;3;1;0;0;3;0;2;3;1;0;1;1;1;1;3;3
Hirudinea;GLOSSIPHONIIDAE;GLOSSIPHONIINAE;Glossiphonia;paludosa;CARENA, 1824;5308;Glospalu;Batracobdella paludosa;;0;0;0;3;0;0;0;0;3;0;3;0;3;3;0;3;2;0;0;0;1;0;0;0;2;1;0;0;0;0;0;0;3;3;0;0;0;0;0;0;0;4;0;0;1;0;0;0;0;0;0;0;0;3;0;0;0;0;0;0;3;0;0;0;2;5;2;0;2;0;0;0;0;0;0;0;0;3;3;0;0;0;2;1;3;1;3;0;0;0;4;0;0;0;0;3;2;0;0;0;1;0;3;1;0;0;3;0;0;2;2;0;0;0;0;1;1;3
Turbellaria;DENDROCOELIDAE;[Fam:DENDROCOELIDAE];Bdellocephala;punctata;PALLAS, 1774;11361;Bdelpunc;Bdellocephala punctata;;0;0;0;0;3;0;0;3;0;0;3;0;3;3;0;3;0;0;0;3;0;0;0;2;0;3;0;0;3;0;0;0;0;3;0;0;0;0;0;0;0;5;0;0;0;0;0;0;0;0;0;0;0;3;0;0;0;0;0;0;0;3;0;0;0;0;0;0;5;0;0;0;0;0;0;0;0;5;3;0;0;0;0;3;2;0;4;0;0;0;3;0;0;2;0;3;2;0;0;1;1;1;3;0;0;0;3;0;0;1;1;0;0;0;0;0;0;3
Gastropoda;HYDROBIIDAE;HORATIINAE;Belgrandia;sp.;REYNIES, 1844;?;?;Belgrandia;;0;3;0;0;0;0;0;3;1;0;3;0;3;0;0;3;0;0;0;3;0;0;0;0;3;1;0;0;0;0;0;1;1;1;3;0;0;0;0;1;0;3;1;0;0;0;0;0;3;2;3;1;0;0;0;0;0;1;3;1;0;0;0;2;0;0;0;0;0;0;3;2;1;1;0;0;0;0;3;0;0;3;0;0;0;3;4;2;2;2;4;3;0;1;2;0;3;1;0;3;0;0;3;0;3;0;0;1;2;0;0;0;0;0;0;0;0;0
Trichoptera;BERAEIDAE;[Fam:BERAEIDAE];Beraea;sp.;;4442;beraeasp;Beraea;;0;1;3;0;0;0;0;3;0;0;3;0;3;2;3;0;0;0;0;1;0;0;0;0;0;1;1;1;0;0;0;0;0;3;0;0;0;0;0;0;0;5;0;0;0;0;0;1;2;3;0;2;0;0;0;0;1;3;0;0;0;0;0;3;3;0;1;2;0;0;2;2;1;1;0;0;0;2;2;2;0;2;2;2;2;2;3;0;1;0;2;0;2;4;0;1;2;1;0;0;0;0;3;0;2;0;0;3;2;0;0;0;0;1;1;2;2;2
Trichoptera;BERAEIDAE;[Fam:BERAEIDAE];Beraeamyia;squamosa;MOSELY, 1930;15066;Berasqua;Beraeamya squamosa;;0;0;3;0;0;0;0;2;0;0;3;0;3;3;3;0;0;0;0;1;0;0;0;0;0;1;1;1;0;0;0;0;0;3;0;0;0;0;0;0;0;5;0;0;0;0;0;1;2;3;0;2;0;0;0;0;0;3;0;0;0;0;0;0;3;0;0;0;0;0;0;0;0;0;2;2;0;0;3;0;0;3;1;0;0;1;1;2;2;0;0;0;0;3;0;0;2;1;0;0;0;0;3;0;2;0;0;0;0;0;0;0;0;0;0;0;1;3
Trichoptera;BERAEIDAE;[Fam:BERAEIDAE];Beraeodes;minuta;LINNAEUS, 1761;4444;Beraminu;Beraeodes minutus;;0;1;3;0;0;0;0;2;0;0;3;0;3;3;3;0;0;0;0;2;1;0;0;0;0;1;1;1;0;0;0;0;0;2;3;0;0;0;0;0;0;5;0;0;0;0;0;1;2;3;0;2;0;0;0;0;0;3;0;0;0;0;0;1;3;2;0;0;2;0;1;3;1;0;0;0;0;1;3;1;0;2;2;2;2;2;0;0;2;0;3;0;4;3;0;1;3;1;0;0;2;2;3;0;0;0;1;0;3;1;1;0;0;0;0;1;1;3
Trichoptera;BERAEIDAE;[Fam:BERAEIDAE];Beraeodina;palpalis;MOSELY, 1931;?;?;Beraeodina palpalis;;0;0;3;0;0;0;0;3;0;0;3;0;3;3;3;0;0;0;0;1;0;0;0;0;0;1;1;1;0;0;0;0;0;3;0;0;0;0;0;0;0;5;0;0;1;0;0;1;1;4;0;1;0;0;0;0;0;1;3;0;0;0;0;1;1;0;0;0;0;0;0;0;0;0;0;0;0;0;3;0;0;0;0;0;0;3;3;1;0;0;0;0;0;0;0;0;3;1;0;0;0;0;3;0;0;0;3;0;0;0;0;0;0;0;0;0;1;3
Coleoptera;HYDROPHILIDAE;HYDROPHILINAE;Berosus;sp. Ad. / Lv.;;9567 / 8895;berospad / Berosp.;Berosus;;0;2;2;0;0;0;0;1;3;0;3;1;3;3;0;2;0;0;0;0;0;3;0;0;0;1;0;3;0;0;3;0;0;3;3;1;3;0;1;0;3;3;0;0;0;0;0;0;0;3;0;0;3;1;0;0;0;3;0;0;0;3;0;0;0;3;3;0;0;0;0;0;0;0;0;0;0;5;3;0;0;3;3;3;3;3;0;0;0;0;3;3;0;3;3;3;0;0;0;0;1;3;3;3;0;0;3;0;0;1;3;0;1;1;1;2;2;3
Plecoptera;PERLODIDAE;[Fam:PERLODIDAE];Besdolus;sp.;;8896;Besdsp. ;Besdolus;;0;0;0;2;3;0;0;0;3;3;0;0;3;3;0;0;0;0;0;3;0;0;0;0;1;2;0;1;0;0;0;0;3;3;0;0;0;0;0;0;0;5;0;0;0;0;0;1;0;0;0;0;0;5;0;0;0;0;0;0;0;3;0;3;3;0;0;0;0;0;0;0;2;5;2;0;0;0;2;1;0;1;3;3;1;0;2;1;2;0;1;1;1;1;0;0;0;0;3;3;0;0;3;0;2;0;1;1;1;0;0;0;0;0;0;1;3;3
Coleoptera;DYTISCIDAE;HYDROPORINAE;Bidessus;sp. Ad. / Lv.;;11813 / 8897;BidespAd / Bidesp. ;Bidessus;;0;3;0;0;0;0;0;1;3;0;1;3;3;3;0;2;0;0;0;3;0;0;0;0;1;1;0;3;0;0;0;0;3;1;0;0;3;0;1;0;3;3;0;1;0;0;0;0;0;0;0;0;2;3;0;0;0;3;0;0;3;0;0;2;2;2;0;1;1;0;0;0;0;0;0;0;0;5;3;1;0;3;3;3;3;3;1;2;2;0;1;0;0;2;2;3;2;1;0;1;3;1;3;0;1;0;3;0;1;3;2;0;1;1;2;3;3;3
Gastropoda;BITHYNIIDAE;[Fam:BITHYNIIDAE];Bithynia;sp.;LEACH, 1818;4461;Bithsp. ;Bithynia;;0;0;3;1;0;0;0;3;3;0;3;0;3;0;0;3;0;0;0;3;0;0;0;0;2;1;0;0;0;0;0;1;1;1;3;0;0;0;0;0;0;3;1;0;0;0;0;1;2;5;1;1;2;1;0;0;0;0;1;2;0;0;0;0;3;3;1;1;1;0;0;0;1;2;3;3;0;2;3;2;0;3;3;3;3;3;4;1;1;2;5;3;0;0;3;3;2;0;0;0;3;2;3;3;0;0;3;0;0;3;2;0;0;1;1;1;2;3
Diptera;BLEPHARICERIDAE;BLEPHARICERINAE-Tribus Blepharicerini;Blepharicera;fasciata fasciata;WESTWOOD, 1842;9764;Blepfasc;Blepharicera fasciata;;0;0;3;0;0;0;0;3;0;0;3;0;2;3;2;0;0;0;0;3;0;0;0;0;2;1;0;1;0;0;0;2;0;1;3;0;0;0;0;0;0;2;0;0;2;0;0;0;0;5;0;0;0;0;0;0;0;0;3;0;0;0;0;5;0;0;0;0;0;0;0;2;1;1;1;0;0;0;0;2;1;3;1;3;1;2;5;0;0;0;0;0;0;0;0;0;0;0;3;3;0;0;3;0;2;0;0;3;2;1;0;0;0;0;0;0;0;0
Hirudinea;GLOSSIPHONIIDAE;GLOSSIPHONIINAE;Glossiphonia;verrucata;FR. MÜLLER, 1844;7383;Glosverr;Boreobdella verrucata;;0;0;0;0;3;0;0;0;3;1;2;0;3;3;0;3;2;0;0;1;0;0;0;0;1;1;0;0;0;0;0;0;3;3;0;0;0;0;0;0;0;4;1;0;1;0;0;0;0;0;0;0;0;3;0;0;0;0;0;0;3;0;0;0;3;1;0;0;3;0;0;0;1;1;1;1;0;4;3;0;0;0;0;0;3;0;3;0;0;0;4;0;1;1;0;2;2;1;1;0;1;0;3;1;0;0;3;0;1;3;1;0;0;0;0;1;1;3
Odonata;AESHNIDAE;BRACHYTRONINAE;Boyeria;irene;FONSCOLOMBE, 1838;7429;Boyeiren;Boyeria irene;;0;0;0;0;3;1;0;0;3;3;0;0;2;3;0;0;0;0;0;0;0;3;0;0;2;0;0;3;0;0;0;1;3;1;3;0;0;0;0;0;0;5;0;0;0;0;0;0;0;0;0;0;1;4;1;0;0;0;0;0;0;3;0;2;3;0;0;0;0;0;2;2;1;1;0;0;0;0;2;2;0;0;3;2;2;3;3;0;1;0;4;2;2;3;1;0;2;2;0;3;0;0;3;0;1;0;3;0;3;0;0;0;0;0;2;3;2;2
Trichoptera;BRACHYCENTRIDAE;[Fam:BRACHYCENTRIDAE];Brachycentrus;sp.;;4480;brtrussp;Brachycentrus;;0;0;1;3;0;0;0;3;0;0;3;0;3;3;3;0;0;0;0;3;0;0;0;0;0;1;1;2;0;0;0;0;3;3;2;0;0;0;0;0;0;2;0;0;3;0;0;1;1;2;3;0;2;0;0;0;0;2;2;3;0;1;0;2;2;1;0;0;0;0;1;3;4;2;2;1;1;0;3;1;0;2;3;3;2;2;4;2;0;1;4;0;3;0;0;0;2;3;1;2;1;1;3;0;0;0;0;1;2;3;1;0;0;0;0;0;0;3
Ephemeroptera;CAENIDAE;BRACHYCERINAE;Brachycercus;harisella;CURTIS, 1834;4482;Brachari;Brachycercus harrisella;;0;0;3;0;0;0;0;3;0;0;3;0;3;3;0;0;0;1;2;0;0;0;0;0;1;1;1;1;3;0;0;0;0;1;3;0;0;0;0;0;0;5;0;0;0;0;0;3;1;0;0;0;0;0;0;0;3;0;0;0;0;0;0;0;3;0;0;0;1;0;0;0;0;0;2;2;0;0;3;0;0;0;0;2;2;0;0;0;3;2;1;0;0;0;3;0;3;0;0;0;3;0;3;0;0;0;3;0;1;3;2;0;0;0;0;0;0;3
Plecoptera;TAENIOPTERYGIDAE;[Fam:TAENIOPTERYGIDAE];Brachyptera;sp.;;4489;brterasp;Brachyptera;;0;0;1;3;0;0;0;3;0;0;3;0;3;3;0;0;0;0;3;0;0;0;0;0;2;2;0;1;1;0;0;2;0;3;0;0;0;0;0;0;0;5;1;1;0;0;0;2;0;3;2;0;0;0;0;0;0;1;3;0;0;0;0;5;3;0;0;0;1;0;1;2;4;3;1;1;0;1;3;2;0;2;2;3;2;0;4;0;0;1;0;0;2;2;0;0;0;3;2;3;1;1;3;0;1;0;3;1;3;3;0;0;0;1;1;1;2;3
Odonata;AESHNIDAE;BRACHYTRONINAE;Brachytron;pratense;MÜLLER, 1764;4491;Bracprat;Brachytron pratense;;0;0;0;0;3;0;0;0;3;3;0;0;2;3;0;0;0;0;0;0;0;3;0;0;1;1;0;2;0;0;0;0;3;1;3;0;0;0;0;0;0;5;0;0;0;0;0;0;0;0;0;0;1;4;1;0;0;0;0;0;0;3;0;0;1;3;2;1;3;0;0;0;0;0;0;0;0;5;3;0;0;1;1;1;1;1;1;0;0;0;0;0;0;3;0;3;1;0;0;1;1;1;3;0;0;0;3;0;0;1;0;0;1;1;1;2;2;2
Oligochaeta;BRANCHIOBDELLIDAE;[Fam:BRANCHIOBDELLIDAE];Branchiobdella;sp.;ODIER, 1823;4492;brellasp;Branchiobdella;;0;3;2;0;0;0;0;0;1;0;0;0;3;3;0;3;0;0;0;2;0;0;0;0;1;1;0;0;0;0;0;0;3;3;0;0;0;0;0;0;0;0;0;0;3;0;1;2;0;2;0;0;2;2;0;0;0;0;2;0;0;0;2;0;3;2;0;0;1;0;0;1;2;2;1;0;0;1;1;1;0;0;3;2;0;0;1;0;3;0;0;0;0;0;3;3;2;1;0;3;1;0;3;0;0;0;2;1;2;3;2;0;0;0;0;3;3;2
Oligochaeta;TUBIFICIDAE;[Fam:TUBIFICIDAE];Branchiura;sowerbyi;BEDDARD, 1892;4494;Bransowe;Branchiura sowerbyi;;0;0;0;0;0;3;3;0;1;0;0;3;3;3;0;3;0;0;0;3;0;0;0;1;1;0;0;0;0;3;0;0;0;3;3;0;0;0;0;0;0;0;3;0;0;0;1;3;0;1;0;0;0;0;0;1;3;0;0;0;0;0;0;3;0;3;0;0;3;0;0;0;0;1;1;1;0;2;3;0;0;0;3;3;3;2;0;1;2;3;0;0;1;1;3;2;2;2;0;0;2;2;3;0;0;2;1;0;0;3;2;0;0;0;0;3;3;3
Coleoptera;HALIPLIDAE;[Fam:HALIPLIDAE];Brychius;elevatus Ad./Lv.;PANZER, 1794;12428 / 4498;BrycelAd / Brycelev;Brychius elevatus;;0;3;0;0;0;0;0;1;3;0;1;3;3;3;0;2;0;0;0;3;0;0;0;0;2;1;0;3;0;0;0;0;3;3;0;0;3;0;1;0;3;3;0;0;0;0;0;0;0;3;3;0;0;0;0;0;0;3;0;0;3;0;0;3;3;0;0;0;0;0;0;1;4;4;1;0;0;0;3;1;0;1;2;3;3;2;1;2;1;1;4;0;1;1;0;1;3;1;0;3;3;0;3;0;1;0;3;0;2;3;0;0;0;0;0;0;0;3
Gastropoda;HYDROBIIDAE;AMNICOLINAE;Bythinella;sp.;MOQUIN-TANDON, 1856;4513;bythinsp;Bythinella;;0;3;0;0;0;0;0;3;0;0;3;0;3;0;0;3;0;0;3;0;0;0;0;0;3;1;0;0;0;0;0;1;1;1;3;0;0;0;0;0;0;3;1;0;0;0;0;0;2;1;3;1;0;0;0;0;0;0;3;0;0;0;0;2;1;0;0;0;0;0;4;1;0;0;0;0;0;0;1;1;0;3;3;3;1;3;4;0;0;0;4;0;0;0;2;0;1;2;1;3;0;0;3;0;3;0;0;3;1;0;0;0;0;0;0;0;0;0
Gastropoda;HYDROBIIDAE;HORATIINAE;Bythiospeum;sp.;BOURGUIGNAT, 1882;8908;bythiosp;Bythiospeum;;0;3;0;0;0;0;0;3;0;0;3;0;3;0;0;3;0;0;1;2;0;0;0;0;3;1;0;0;0;0;0;1;1;1;3;0;0;0;0;0;0;1;0;2;0;0;0;0;3;2;3;1;0;0;0;0;0;1;3;1;0;0;0;2;2;0;0;0;0;3;4;2;0;0;0;0;0;0;3;0;0;0;2;3;1;2;0;0;2;3;0;0;0;0;0;0;2;1;0;3;0;0;3;0;2;0;1;3;1;0;0;0;0;0;0;0;0;0
Ephemeroptera;CAENIDAE;CAENINAE;Caenis;sp.;;4528;caensp  ;Caenis;;0;2;3;0;0;0;0;3;0;0;1;3;3;3;0;0;0;1;2;0;0;0;0;0;2;1;1;1;2;0;0;1;2;1;3;0;0;0;0;0;0;5;1;1;0;0;1;4;2;1;1;1;0;0;0;0;3;1;0;0;0;0;0;2;4;2;1;1;3;0;0;1;2;3;3;4;0;4;3;1;0;1;2;2;3;0;2;2;3;3;4;0;2;3;5;3;3;1;0;1;3;2;3;1;0;1;3;0;1;3;1;0;0;0;1;1;2;3
Trichoptera;CALAMOCERATIDAE;[Fam:CALAMOCERATIDAE];Calamoceras;marsupus;BRAUER, 1865;14760;Calamars;Calamoceras marsupus;;0;0;0;3;1;0;0;2;0;0;2;0;3;3;3;0;0;0;0;1;3;0;0;0;0;0;1;1;0;0;0;0;0;2;2;0;0;0;0;0;0;5;0;0;0;0;0;0;5;0;0;0;0;0;0;0;0;3;0;0;0;0;0;0;3;0;0;0;0;0;0;1;1;1;0;0;0;0;3;0;0;2;0;1;2;0;3;3;2;1;0;0;0;0;0;0;0;3;2;2;0;0;3;0;0;3;0;0;0;0;0;0;0;0;0;0;0;3
Heteroptera;CORIXIDAE;CORIXINAE;Callicorixa;praeusta praeusta;FIEBER, 1848;8187;Callprae;Callicorixa praeusta;;0;0;3;0;0;0;0;3;0;0;0;3;3;3;0;2;0;0;1;3;0;0;0;0;1;2;0;2;0;0;0;1;0;1;0;2;3;0;1;0;5;0;0;0;0;0;0;0;2;2;1;0;2;1;0;0;0;3;2;0;2;0;0;0;2;3;2;2;3;0;0;1;1;1;0;0;0;5;2;2;0;0;0;3;0;0;0;0;0;0;3;0;0;2;0;2;2;0;0;0;2;3;3;0;0;0;3;0;0;1;3;0;1;1;3;3;3;3
Odonata;CALOPTERYGIDAE;CALOPTERYGINAE;Calopteryx;sp.;;4531;Calosp. ;Calopteryx;;0;0;0;1;3;1;0;2;2;1;3;0;3;3;0;0;0;0;0;0;0;3;0;0;2;1;0;2;0;0;0;2;2;1;3;0;0;0;0;0;1;4;0;0;0;0;0;0;0;0;0;0;0;5;0;0;0;0;0;0;0;3;0;1;3;1;2;0;3;0;1;1;3;3;3;3;0;2;3;2;0;3;2;1;3;3;2;3;1;1;4;0;4;4;1;1;2;2;1;2;3;1;3;0;0;0;3;0;1;3;2;0;0;0;0;3;3;3
Plecoptera;CAPNIIDAE;[Fam:CAPNIIDAE];Capnia;sp.;;4552;capniasp;Capnia;;0;0;3;0;0;0;0;3;0;0;3;0;3;3;0;0;3;1;0;0;0;0;0;0;1;2;0;1;0;0;0;3;1;3;0;0;0;0;0;0;0;5;1;1;0;0;0;1;0;2;2;0;0;0;0;0;0;3;0;0;0;0;0;3;0;0;0;1;3;0;2;5;3;1;0;0;0;2;2;3;2;2;2;2;2;0;3;1;0;0;0;0;0;1;0;0;0;2;1;2;2;1;3;0;1;1;2;1;3;2;0;0;0;1;1;2;3;3
Plecoptera;CAPNIIDAE;[Fam:CAPNIIDAE];Capnioneura;sp.;;8913;capniosp;Capnioneura;;0;1;3;0;0;0;0;1;2;2;1;0;3;3;0;0;1;0;0;0;0;0;0;0;2;2;0;2;2;0;0;0;1;3;0;0;0;0;0;0;0;5;1;1;0;0;0;1;2;0;0;0;0;0;0;0;0;3;0;0;0;0;0;3;0;0;0;1;0;0;0;1;1;2;0;0;0;1;1;3;1;2;3;2;2;1;3;2;1;1;2;0;0;2;0;0;0;2;3;0;3;1;3;0;3;0;0;1;3;1;0;0;0;1;2;3;3;3
Plecoptera;CAPNIIDAE;[Fam:CAPNIIDAE];Capnopsis;schilleri;ROSTOCK, 1892;4555;Capnschi;Capnopsis schilleri;;0;0;3;0;0;0;0;3;0;0;3;0;3;3;0;0;1;0;0;0;0;0;0;0;2;2;0;1;0;0;0;0;3;3;0;0;0;0;0;0;0;5;0;0;0;0;0;2;2;0;0;0;0;0;0;0;1;2;0;0;0;0;0;3;0;0;0;0;0;0;1;1;1;1;0;0;0;0;3;0;0;0;0;0;1;0;3;3;4;0;0;0;0;0;0;0;1;2;0;1;1;1;3;0;3;0;1;1;3;1;0;0;0;1;2;3;3;3
Lepidoptera;PYRALIDAE;NYMPHULINAE;Cataclysta;lemnata;LINNAEUS, 1758;9456;Catalemn;Cataclysta lemnata;;0;0;0;3;0;0;0;3;0;0;0;3;3;3;3;0;0;0;0;3;0;0;0;0;1;0;0;3;0;3;0;3;0;2;0;2;2;0;0;0;0;2;0;0;2;0;0;0;0;0;5;0;0;0;0;0;0;3;0;0;0;0;0;2;3;3;1;1;4;0;0;0;0;1;1;0;0;3;3;0;0;3;3;3;3;3;0;0;0;0;4;0;0;0;1;3;2;0;0;0;2;2;3;1;0;0;3;0;0;1;1;0;1;1;1;1;1;3
Trichoptera;GLOSSOSOMATIDAE;[Fam:GLOSSOSOMATIDAE];Catagapetus;nigrans;McLACHLAN, 1884;12370;Catanigr;Catagapetus nigrans;;0;0;3;0;0;0;0;3;0;0;3;0;3;3;3;0;0;0;0;3;0;0;0;0;1;1;1;1;0;0;0;0;1;3;0;0;0;0;0;0;0;3;0;0;2;0;0;0;0;5;0;0;0;0;0;0;0;0;3;0;0;0;0;5;0;0;0;0;0;0;1;3;0;0;0;0;0;0;2;3;0;0;0;0;0;3;5;0;0;0;0;0;0;0;0;0;0;1;0;3;0;0;3;0;3;0;0;0;0;0;0;0;0;0;0;0;0;3
Ephemeroptera;BAETIDAE;CLOEONINAE;Centroptilum;luteolum;MÜLLER, 1776;8850;Centlute;Centroptilum luteolum;;0;0;3;0;0;0;0;3;0;0;0;3;3;3;0;0;0;0;3;0;0;0;0;0;2;2;1;2;1;0;0;0;3;1;2;0;0;0;0;0;3;1;1;0;0;0;0;2;0;3;0;0;0;0;0;0;2;0;3;0;0;0;0;0;3;1;0;0;2;0;1;2;2;4;2;0;0;2;3;1;0;2;2;2;3;0;1;2;1;0;5;0;1;2;0;1;2;1;0;2;3;0;3;0;0;0;3;0;1;3;1;0;0;0;1;1;1;3
Trichoptera;LEPTOCERIDAE;[Fam:LEPTOCERIDAE];Ceraclea;sp.;;4584;Cerasp. ;Ceraclea/Homilia;;0;0;2;3;0;0;0;3;1;0;3;1;3;3;3;0;0;0;0;3;1;0;0;0;2;1;1;3;0;0;0;2;2;2;3;0;0;0;0;0;0;5;0;0;0;0;0;4;1;1;2;0;0;2;0;0;1;3;1;0;0;1;1;1;4;1;0;0;4;0;0;1;1;3;5;4;1;2;3;0;0;1;2;2;3;1;4;2;2;1;1;0;3;1;1;1;3;1;1;1;1;2;3;1;0;0;1;0;1;3;2;0;0;0;0;1;3;3
Diptera;CERATOPOGONIDAE;[Fam:CERATOPOGONIDAE];Ceratopogoninae/Palpomyiinae;Gen. sp.;;14768;CerpalGe;Ceratopogoninae;;0;0;1;3;0;0;0;3;0;0;2;2;1;2;2;0;0;0;1;3;0;0;0;0;3;1;0;2;1;0;0;0;3;0;3;0;0;0;0;1;3;1;3;0;0;0;0;1;0;2;0;1;4;2;0;0;1;1;0;0;0;3;0;0;3;4;1;3;4;0;1;2;2;2;2;2;2;3;3;1;0;1;2;2;3;2;2;3;4;1;3;3;3;1;4;3;1;1;0;2;2;2;3;2;0;0;3;0;2;2;2;1;1;2;3;3;3;3
Odonata;COENAGRIONIDAE;PSEUDAGRIONINAE;Ceriagrion;tenellum;DE VILLERS, 1789;7419;Ceritene;Ceriagrion tenellum;;0;0;0;3;0;0;0;2;0;1;2;0;2;3;0;0;0;0;0;0;0;3;0;0;0;0;0;3;0;0;0;0;1;1;3;0;0;0;0;0;0;5;0;0;0;0;0;0;0;0;0;0;0;5;0;0;0;0;0;0;0;3;0;0;2;2;2;0;2;0;0;0;1;1;0;0;0;3;3;0;0;1;1;1;1;1;0;0;0;0;3;0;2;0;0;3;2;0;0;3;1;1;3;0;0;0;3;0;1;3;1;0;0;1;2;3;3;2
Coleoptera;HYDROPHILIDAE;HYDROPHILINAE;Chaetarthria;seminulum Ad. / Lv.;HERBST, 1797;12964 / 4601;ChaeseAd / Chaesemi;Chaetarthria seminulum;;0;3;0;0;0;0;0;1;0;0;3;1;3;3;0;2;0;0;0;3;0;0;0;0;0;1;0;3;0;0;0;0;3;1;0;1;3;0;1;0;3;3;0;0;0;0;0;0;0;3;0;0;3;1;0;0;0;3;0;0;0;1;0;0;0;3;3;0;0;0;0;0;0;0;0;0;0;5;3;0;0;3;3;3;3;3;0;0;0;0;3;3;0;3;3;3;0;0;0;0;0;3;3;1;0;0;3;0;0;2;3;0;0;0;1;1;1;2
Oligochaeta;NAIDIDAE;[Fam:NAIDIDAE];Chaetogaster;sp.;VON BAER, 1827;4621;chstersp;Chaetogaster;;3;3;3;3;1;0;0;0;1;0;0;3;3;3;0;3;0;2;1;0;0;0;0;3;2;1;0;0;0;3;0;0;0;3;0;0;0;0;0;0;3;0;0;1;1;0;1;2;0;2;0;0;3;2;0;0;2;0;0;0;0;3;0;0;3;2;0;0;2;2;2;2;2;2;2;2;0;2;3;0;0;3;3;3;3;0;2;2;2;0;5;1;0;0;2;2;3;1;1;1;3;1;3;1;0;0;3;0;2;3;1;0;0;0;0;1;1;3
Odonata;LESTIDAE;LESTINAE;Chalcolestes;viridis;KENNEDY, 1920;4629;Chalviri;Chalcolestes viridis;;0;0;0;0;3;0;0;1;0;0;3;1;1;3;0;0;0;0;0;0;0;3;2;0;1;1;0;3;3;0;0;0;1;1;2;0;0;0;0;0;1;4;0;0;0;0;0;0;0;0;0;0;1;4;0;0;0;0;0;0;0;3;0;0;3;1;0;0;1;0;0;4;3;1;0;0;0;1;3;1;1;2;2;2;2;2;0;0;0;0;3;0;0;1;0;2;3;0;0;2;3;0;3;0;0;0;3;0;1;3;2;0;0;1;2;3;3;2
Diptera;CHAOBORIDAE;[Fam:CHAOBORIDAE];Chaoborus;sp.;;4636;Chaosp. ;Chaoborus;;0;0;0;3;0;0;0;3;0;0;3;1;2;3;3;0;0;1;0;0;3;0;0;0;1;2;0;0;2;0;0;2;0;3;0;0;0;1;0;1;5;1;0;0;0;0;0;0;0;0;0;0;4;3;0;0;0;0;0;0;0;3;0;0;2;3;2;2;3;0;1;0;1;1;1;0;1;3;3;0;0;0;2;1;2;2;0;1;1;1;1;0;0;0;4;3;1;0;0;1;3;3;3;1;1;0;3;0;1;3;2;0;1;1;3;3;3;3
Trichoptera;HYDROPSYCHIDAE;[Fam:HYDROPSYCHIDAE];Cheumatopsyche;lepida;PICTET, 1834;4639;Cheulepi;Cheumatopsyche lepida;;0;0;3;1;0;0;0;3;0;0;3;2;3;3;3;0;0;0;0;3;0;0;0;0;3;1;1;3;0;0;0;0;3;2;3;0;0;0;0;0;0;2;0;0;3;0;0;2;0;2;0;0;2;0;0;0;0;0;0;3;0;1;0;3;3;0;0;0;0;0;0;1;2;4;5;1;0;0;3;0;0;3;3;3;3;0;4;3;0;0;1;0;0;0;0;0;1;3;3;0;3;2;3;0;0;0;3;0;0;2;1;0;0;0;0;1;2;3
Trichoptera;PHILOPOTAMIDAE;[Fam:PHILOPOTAMIDAE];Chimarra;marginata;LINNAEUS, 1767;4641;Chimmarg;Chimarra marginata;;0;0;3;0;0;0;0;3;0;0;3;0;3;3;3;0;0;0;0;3;0;0;0;0;1;1;1;1;0;0;0;0;0;3;1;0;0;0;0;0;0;2;0;0;3;0;0;3;0;3;0;0;0;0;0;0;0;0;2;3;0;0;0;5;0;0;0;0;0;0;0;1;1;5;3;1;0;0;3;0;0;2;2;2;2;1;5;0;0;0;0;0;0;0;0;0;0;3;2;3;0;0;3;0;0;0;0;0;3;0;0;0;0;0;0;0;0;0
Diptera;CHIRONOMIDAE;CHIRONOMINAE-Tribus Chironomini;Chironomini;Gen. sp.;;4644;ChiiniGe;Chironomini;;0;0;1;3;2;0;0;3;0;0;1;3;0;3;3;0;1;0;0;1;3;0;0;0;2;1;3;1;0;0;0;1;3;3;1;0;0;0;0;0;1;3;2;1;2;0;0;5;0;2;2;0;1;1;0;0;3;2;1;2;0;1;1;1;4;4;2;3;4;0;1;1;1;1;3;3;1;3;3;0;0;2;2;2;2;2;4;2;3;2;5;0;3;1;4;3;1;0;0;0;2;3;3;2;1;2;3;0;1;3;3;3;2;2;2;3;3;3
Plecoptera;CHLOROPERLIDAE;[Fam:CHLOROPERLIDAE];Chloroperla;sp.;;4671;chlorosp;Chloroperla;;0;0;3;0;0;0;0;1;3;3;1;0;3;3;0;0;0;0;2;2;0;0;0;0;3;2;0;1;0;0;0;0;3;3;0;0;0;0;0;0;0;4;0;2;0;0;1;1;1;1;0;0;1;5;0;0;1;3;1;0;0;1;0;5;0;0;0;0;0;0;1;3;5;1;0;0;0;0;3;3;1;2;3;2;0;0;2;3;0;1;2;0;1;3;0;0;2;2;1;3;1;0;3;0;2;0;2;1;3;2;0;0;1;1;3;3;3;3
Ephemeroptera;LEPTOPHLEBIIDAE;ATALOPHLEBIINAE;Choroterpes;picteti;EATON, 1871;4677;Chorpict;Choroterpes picteti;;0;0;3;0;0;0;0;3;0;0;3;1;3;3;0;0;0;0;3;0;0;0;0;0;1;1;1;1;3;0;0;0;1;1;3;0;0;0;0;0;0;5;0;0;0;0;0;3;1;3;0;0;0;0;0;0;3;2;1;0;0;0;0;0;3;0;0;0;1;0;0;0;2;3;3;1;0;1;3;0;0;2;0;3;1;1;2;0;2;2;2;0;2;1;0;1;3;0;0;1;1;2;3;0;0;0;3;0;0;2;1;0;0;0;0;0;1;3
Diptera;RHAGIONIDAE;[Fam:RHAGIONIDAE];Chrysopilus;sp.;;14467;Chrssp. ;Chrysopilus;;0;0;0;3;1;0;0;3;1;1;3;0;0;2;0;0;0;0;0;0;0;0;3;0;0;0;0;0;0;0;0;0;0;0;2;0;0;0;0;0;0;5;0;0;0;0;0;0;0;0;0;0;0;5;0;0;0;0;0;0;3;0;0;2;2;2;2;3;0;0;1;3;3;2;1;0;0;1;1;1;1;2;2;2;2;2;3;0;0;0;3;0;0;2;0;1;1;2;1;1;1;1;3;0;1;0;3;0;0;0;0;0;0;0;0;1;1;2
Diptera;EMPIDIDAE;CLINOCERINAE;Clinocerinae;Gen. sp.;;?;?;Clinocerinae;;0;0;3;0;0;0;0;3;0;0;3;1;0;3;3;0;0;0;0;0;0;0;3;0;1;1;0;3;0;0;0;0;0;1;0;0;1;0;0;0;0;2;1;1;0;0;0;0;0;0;0;0;0;5;0;0;0;0;0;0;0;3;0;2;2;0;1;0;0;0;2;2;2;2;1;1;0;0;2;2;2;2;3;2;1;2;4;3;1;0;3;0;1;1;0;0;0;1;2;1;3;1;3;1;1;0;2;1;1;3;1;0;0;0;2;3;3;3
Ephemeroptera;BAETIDAE;CLOEONINAE;Cloeon;sp.;;4709;Cloesp. ;Cloëon;;0;0;3;0;0;0;0;3;0;0;1;3;3;3;0;0;3;1;1;0;0;0;0;0;1;2;1;2;0;0;0;0;3;1;2;0;0;0;0;0;3;1;0;0;0;0;0;3;1;3;1;0;1;0;0;0;3;1;3;0;0;0;0;0;3;4;0;4;3;0;1;1;2;3;3;3;1;5;3;2;0;2;3;3;3;0;1;0;1;1;5;0;0;2;1;3;1;0;0;0;3;3;3;2;0;1;3;0;0;3;2;0;0;1;1;2;3;3
Coleoptera;DYTISCIDAE;HYDROPORINAE;Hygrotus;confluens Ad. / Lv.;FABRICIUS, 1787;11960 / 4713;HygrcoAd / Hygrconf;Coelambus;;0;3;0;0;0;0;0;1;3;0;1;3;3;3;0;2;0;0;0;3;0;0;0;0;0;1;0;3;0;0;0;0;3;1;0;0;3;0;1;0;3;3;0;0;0;0;0;0;0;0;0;0;2;3;0;0;0;3;0;0;3;0;0;0;0;3;3;0;1;0;0;0;0;0;0;0;0;5;3;1;0;3;3;3;3;3;0;0;0;0;3;0;0;3;3;3;0;0;0;0;1;3;3;2;0;0;3;0;0;3;3;1;1;1;1;1;1;2
Odonata;COENAGRIONIDAE;COENAGRIONINAE;Coenagrion;sp.;;4722;Coensp. ;Coenagrion;;0;0;0;3;0;0;0;3;1;1;3;1;2;3;0;0;0;0;0;0;0;3;0;0;2;1;0;3;0;0;0;2;2;1;3;0;0;0;0;0;0;5;0;0;0;0;0;0;0;0;0;0;1;4;0;0;0;0;0;0;0;3;0;0;2;2;2;1;2;0;1;1;1;0;2;2;0;3;3;2;2;2;2;2;2;2;0;0;0;1;4;0;2;2;0;3;2;1;1;1;3;1;3;1;0;0;3;0;1;2;2;0;0;1;2;3;3;3
Coleoptera;DYTISCIDAE;COLYMBETINAE;Colymbetes;sp. Ad. / Lv.;;11720 / 4728;ColyspAd / Colysp. ;Colymbetes;;0;0;0;3;0;0;0;0;3;0;3;0;3;3;0;2;0;0;0;3;0;0;0;0;0;1;0;3;0;0;0;0;3;1;0;0;3;0;1;0;3;3;0;0;0;0;0;0;0;0;0;0;1;3;1;0;0;3;0;0;3;0;0;0;1;2;2;0;1;0;0;0;0;0;0;0;0;5;3;0;0;3;3;3;3;3;0;0;0;0;3;0;0;3;3;3;0;0;0;0;1;3;3;0;0;0;3;0;0;2;3;0;1;1;2;2;2;2
Crustacea;[Ord:Conchostraca];[Ord:Conchostraca];Conchostraca;Gen. sp.;;10629;ConcGen.;Conchostraca;;0;0;0;3;0;0;0;3;0;0;0;3;3;3;0;3;3;0;0;0;0;0;0;0;0;0;3;0;3;0;0;0;0;1;3;0;0;0;0;0;0;3;2;0;0;0;0;3;3;0;0;0;0;0;0;0;3;0;0;3;0;0;0;0;0;1;1;2;1;0;0;0;0;0;0;0;0;3;3;0;0;0;0;1;2;2;0;0;0;0;0;0;0;0;3;3;0;0;0;0;0;3;3;0;0;2;2;1;1;1;1;1;0;0;0;0;0;0
Bivalvia;DREISSENIDAE;[Fam:DREISSENIIDAE];Congeria;sp.;PARTSCH, 1836;11586;congsp. ;Congeria;;0;0;0;3;1;0;0;0;3;0;3;0;3;3;0;3;3;0;0;0;0;0;0;0;3;1;0;0;0;0;0;0;3;1;3;0;0;0;0;0;1;1;0;0;0;3;0;2;0;1;0;0;2;0;0;0;0;0;0;3;0;0;0;1;2;0;0;0;0;0;0;0;0;0;2;2;2;0;3;0;0;0;0;0;3;0;4;0;0;0;0;0;2;0;0;3;3;0;0;0;3;0;3;3;0;1;3;0;0;2;2;0;0;0;0;0;1;3
Coleoptera;DYTISCIDAE;COPELATINAE;Copelatus;sp. Ad. / Lv.;;11764 / 8933;CopespAd / Copesp. ;Copelatus;;0;0;3;0;0;0;0;0;3;0;3;1;3;3;0;2;0;0;0;0;0;3;0;0;0;1;0;3;0;0;0;0;3;1;0;0;3;0;1;0;3;3;0;0;0;0;0;0;0;0;0;0;2;3;0;0;0;3;0;0;0;2;0;0;0;3;3;0;1;0;0;0;0;0;0;0;0;5;3;0;0;3;3;3;3;3;0;0;0;0;3;0;0;3;3;3;0;0;0;0;1;3;3;1;0;0;3;0;0;3;3;0;0;0;1;1;1;3
Bivalvia;CORBICULIDAE;[Fam:CORBICULIDAE];Corbicula;sp.;MEGERLE VON MÜHLFELD, 1811;11178;corbsp.;Corbicula;;0;0;0;0;1;3;0;0;3;0;2;2;3;3;0;3;3;1;0;0;0;0;0;0;3;1;0;0;0;0;1;0;3;1;3;0;0;0;0;0;1;1;4;0;0;0;0;3;0;3;0;0;3;0;0;0;0;0;0;3;0;0;0;1;3;0;0;0;1;0;0;0;0;0;4;4;3;0;3;0;0;0;1;3;3;3;1;2;5;2;0;0;0;0;3;3;3;0;0;0;1;2;3;3;0;3;0;0;0;0;1;2;0;0;0;0;1;3
Odonata;CORDULEGASTRIDAE;CORDULEGASTRINAE;Cordulegaster;sp.;;8935;costersp;Cordulegaster;;0;0;0;0;2;3;0;0;3;3;0;0;2;3;0;0;0;3;0;0;0;0;1;0;2;0;0;3;0;0;0;0;3;1;3;0;0;0;0;0;0;1;4;0;0;0;0;0;0;0;0;0;0;5;0;0;0;0;0;0;0;3;0;5;1;0;0;0;0;0;1;1;2;0;1;1;0;1;3;2;0;1;1;1;1;1;1;3;3;2;0;0;0;2;3;0;2;2;1;3;0;0;3;0;1;0;3;1;3;3;0;0;0;0;2;3;3;2
Odonata;CORDULIIDAE;[Fam:CORDULIIDAE];Cordulia;aenea;LINNAEUS, 1758;4741;Cordaene;Cordulia aenea;;0;0;0;0;3;0;0;1;3;2;1;0;3;3;0;0;0;0;1;1;3;0;0;0;0;1;0;3;0;0;0;0;3;1;3;0;0;0;0;0;1;2;2;0;0;0;0;0;0;0;0;0;1;4;0;0;0;0;0;0;0;3;0;0;2;3;3;0;3;0;0;0;0;1;1;1;0;5;3;2;1;1;1;1;1;1;0;0;0;3;3;0;0;5;3;3;0;0;0;2;2;0;3;0;0;0;3;0;0;3;2;1;0;2;2;3;3;3
Coelenterata;CLAVIDAE;[Fam:CLAVIDAE];Cordylophora;caspia;PALLAS, 1771;4743;Cordcasp;Cordylophora caspia;;0;0;0;0;3;1;0;3;0;0;3;0;3;3;0;3;0;0;0;2;0;0;0;3;3;1;0;0;3;0;0;1;0;3;0;0;0;0;0;0;1;0;0;0;0;3;0;0;0;0;0;0;3;0;0;0;0;0;0;0;0;3;0;1;3;0;0;0;0;0;0;0;0;0;0;2;2;0;3;0;0;0;0;0;3;0;3;0;0;0;3;0;3;0;0;3;3;0;0;0;3;0;2;3;0;3;3;0;0;3;0;0;0;0;0;0;0;3
Heteroptera;CORIXIDAE;CORIXINAE;Corixa;sp.;;4746;Corisp. ;Corixa;;0;0;2;3;0;0;0;3;0;0;3;2;3;3;0;2;0;0;1;2;0;1;0;0;0;3;1;3;0;0;0;1;0;1;0;2;3;0;1;0;5;0;0;0;0;0;0;0;1;2;1;2;3;0;0;0;0;1;1;0;3;0;0;0;1;3;1;1;1;0;1;1;1;0;0;0;0;5;3;2;0;2;2;3;2;2;0;0;0;0;3;0;0;2;0;3;1;0;0;1;3;2;3;2;0;0;3;0;1;2;3;0;2;2;3;3;3;3
Crustacea;COROPHIIDAE;[Fam:COROPHIIDAE];Corophium;sp.;;4750;Corosp. ;Corophium;;0;0;3;0;0;0;0;3;0;0;0;3;3;3;0;3;3;0;0;0;0;0;0;0;2;2;0;0;0;0;0;0;3;0;3;0;0;0;0;0;1;3;1;0;0;0;0;2;2;1;0;0;0;0;0;0;2;3;0;0;0;0;0;2;2;0;0;0;0;0;0;0;0;0;2;2;2;0;3;0;0;0;0;0;3;0;3;0;0;3;3;0;3;1;0;3;3;0;0;0;2;1;3;3;0;1;0;0;1;3;1;0;0;0;0;0;0;3
Crustacea;CRANGONYCITIDAE;[Fam:CRANGONYCITIDAE];Crangonyx;sp.;;9443;Cransp. ;Crangonyx;;0;2;2;0;0;0;0;0;3;0;0;3;3;3;0;3;3;0;0;0;0;0;0;0;1;0;0;0;0;0;0;0;3;0;3;0;0;0;0;0;2;3;0;1;0;0;0;0;4;3;0;0;0;0;0;0;0;3;0;0;0;0;0;3;2;3;0;0;3;0;0;0;0;0;1;1;1;0;2;0;0;0;0;3;3;0;0;0;0;1;3;0;0;3;0;3;3;0;0;0;2;1;3;1;0;1;0;0;0;0;0;0;0;0;0;0;0;3
Coelenterata;HYDRIDAE;[Fam:HYDRIDAE];Microhydra;sowerbyi;LANKESTER, 1880;12921;Micrsowe;Craspedacusta sowerbii;;0;0;0;3;0;0;0;3;0;0;3;0;0;0;0;3;0;3;0;0;0;0;0;3;3;1;0;0;0;0;0;0;2;3;0;0;0;0;0;0;3;0;0;0;2;0;0;0;0;0;0;0;3;0;0;0;0;0;0;0;0;3;0;1;0;3;0;0;3;0;0;0;0;0;0;0;0;3;3;0;0;0;3;3;3;0;0;0;0;0;2;0;0;2;0;3;0;0;0;0;3;0;3;0;0;3;3;0;0;3;0;0;0;0;0;0;0;3
Coleoptera;HYDROPHILIDAE;HYDROPHILINAE;Crenitis;punctatostriata Ad. / Lv.;LETZNER, 1840;12969 / 4770;CrenpuAd / Crenpunc;Crenitis punctatostriata;;0;3;0;0;0;0;0;1;3;0;3;1;3;3;0;2;0;0;0;3;0;0;0;0;0;1;0;3;0;0;0;0;3;1;0;1;3;0;1;0;3;3;0;0;0;0;0;0;0;3;0;0;3;1;0;0;0;3;0;0;0;1;0;0;0;1;3;0;0;0;0;0;0;0;0;0;0;5;2;3;0;0;0;0;0;3;0;0;0;0;3;1;0;3;3;3;0;0;0;0;0;3;3;0;0;0;3;0;0;2;1;0;0;1;1;1;1;1
Turbellaria;PLANARIIDAE;[Fam:PLANARIIDAE];Crenobia;alpina;DANA, 1766;4771;Crenalpi;Crenobia alpina;;0;0;0;2;3;0;0;0;3;0;3;0;3;3;0;3;0;0;0;3;0;0;0;1;1;2;0;0;3;0;0;0;0;3;0;0;0;0;0;0;0;4;0;1;0;0;0;0;0;0;0;0;0;3;0;0;0;0;0;0;0;3;0;3;3;0;0;0;3;0;5;3;2;0;0;0;0;2;2;3;2;3;3;3;1;0;4;0;0;0;0;0;2;2;0;1;2;2;1;3;0;0;3;0;3;0;0;1;3;0;0;0;0;1;2;3;3;3
Bryozoa;CRISTATELLIDAE;[Fam:CRISTATELLIDAE];Cristatella;mucedo;CUVIER, 1798;4815;Crismuce;Cristatella mucedo;;0;0;0;0;0;0;3;3;0;3;0;0;3;3;0;3;3;0;0;0;0;0;0;3;3;1;0;0;3;0;0;0;0;3;0;0;0;0;0;0;1;0;0;0;0;3;0;1;0;3;0;0;3;0;0;0;0;0;0;3;0;0;0;0;1;1;0;0;1;0;0;1;1;1;1;0;0;1;3;1;1;3;1;2;3;0;3;0;0;0;3;1;2;0;0;3;1;0;0;3;3;0;3;0;1;0;3;0;1;3;0;0;0;0;0;0;0;3
Odonata;LIBELLULIDAE;SYMPETRINAE;Crocothemis;erythraea;BRULLE, 1832;7443;Croceryt;Crocothemis erythrea;;0;0;0;3;0;0;0;1;0;0;1;2;3;3;0;0;0;2;2;0;0;0;0;0;0;1;0;3;1;0;0;0;2;1;3;0;0;0;0;0;0;5;0;0;0;0;0;0;0;0;0;0;0;5;0;0;0;0;0;0;0;3;0;0;1;3;0;2;0;0;0;0;0;0;0;0;0;4;3;1;0;3;3;3;3;0;0;0;0;0;1;0;0;0;0;3;0;0;0;0;2;0;3;2;0;0;2;0;1;3;1;0;0;0;2;3;2;2
Trichoptera;LEPIDOSTOMATIDAE;[Fam:LEPIDOSTOMATIDAE];Crunoecia;sp.;;8946;Crunsp. ;Crunoecia;;0;0;3;0;0;0;0;0;3;3;0;0;3;2;3;0;0;0;0;3;0;0;0;0;1;1;1;1;0;0;0;0;0;2;2;0;0;0;0;0;0;5;0;0;0;0;0;0;5;0;0;0;0;0;0;0;0;3;0;0;0;0;0;0;3;0;0;1;0;0;5;2;1;0;0;0;0;1;2;2;0;2;2;2;2;2;4;0;2;0;3;0;3;4;0;1;2;1;0;3;2;0;3;0;2;0;0;3;1;0;0;0;0;0;1;2;3;3
Trichoptera;LIMNEPHILIDAE;DRUSINAE;Cryptothrix;sp.;;8947;crhrixsp;Cryptothrix;;0;0;3;0;0;0;0;1;0;0;0;0;3;3;3;0;0;0;0;3;0;0;1;0;0;2;0;2;0;0;0;0;0;2;2;0;0;0;0;0;0;5;0;0;0;0;0;0;0;3;2;0;0;0;0;0;0;2;3;0;0;0;0;3;0;0;0;0;0;0;0;3;1;0;0;0;0;0;0;2;0;0;3;0;0;0;3;0;0;0;0;0;0;0;0;0;0;0;3;0;0;0;3;0;0;0;0;2;3;0;0;0;0;0;0;0;0;0
Diptera;CULICIDAE;CULICINAE;Culicinae;Gen. sp.;;11250;CunaGen.;Culicinae;;0;1;3;0;0;0;0;3;0;0;2;2;1;3;3;0;0;1;0;0;3;0;1;0;0;0;2;3;3;0;0;2;0;0;0;0;3;0;0;5;0;0;0;0;0;0;0;3;0;3;0;0;3;0;0;0;2;0;1;0;0;2;0;0;1;2;2;4;2;0;0;0;0;1;0;0;1;5;2;0;0;2;2;2;2;2;0;0;0;0;1;0;0;1;0;3;0;0;0;0;3;3;3;2;0;1;3;0;2;3;2;1;3;3;3;3;3;3
Coleoptera;DYTISCIDAE;DYTISCINAE;Cybister;lateralimarginalis Ad. / Lv.;DE GEER, 1774;11770 / 4838;CybilaAd / Cybilate;Cybister lateralimarginalis;;0;0;0;0;3;0;0;0;3;0;3;0;3;3;0;2;0;0;0;0;0;3;0;0;0;1;0;3;0;0;0;0;3;1;0;0;3;0;1;0;3;3;0;0;0;0;0;0;0;0;0;0;0;3;3;0;0;3;0;0;3;0;0;0;0;3;3;0;1;0;0;0;0;0;0;0;0;5;3;0;0;3;3;3;3;3;0;0;0;0;3;0;0;3;3;3;0;0;0;0;1;3;3;0;0;0;3;0;0;1;3;0;0;0;1;1;1;3
Heteroptera;CORIXIDAE;CYMATIAINAE;Cymatia;sp.;;8952;Cymasp. ;Cymatia;;0;1;3;0;0;0;0;3;0;0;0;2;3;3;0;2;0;0;1;3;0;0;0;0;0;3;0;1;0;0;0;1;0;1;0;2;3;0;0;0;5;0;0;0;0;0;0;0;0;0;0;0;3;1;0;0;0;1;0;0;3;0;0;0;0;2;0;2;2;0;0;0;0;0;0;0;0;5;3;1;0;3;1;2;1;1;0;0;2;0;3;2;0;0;2;2;1;0;0;0;3;1;3;2;0;0;3;0;0;3;1;0;2;2;2;3;3;3
Coleoptera;HYDROPHILIDAE;HYDROPHILINAE;Cymbiodyta;marginella Ad. / Lv.;FABRICIUS, 1792;12970 / 4850;CymbmaAd / Cymbmarg;Cymbiodyta marginella;;0;3;0;0;0;0;0;1;3;0;3;1;3;3;0;2;0;0;0;3;0;0;0;0;0;1;0;3;0;0;0;0;3;1;0;1;3;0;1;0;3;3;0;0;0;0;0;0;0;3;0;0;3;1;0;0;0;3;0;0;0;1;0;0;0;3;3;0;0;0;0;0;0;0;0;0;0;5;3;0;0;3;3;3;3;3;0;0;0;0;3;3;0;3;3;3;0;0;0;0;0;3;2;2;0;0;3;0;1;3;3;0;1;1;1;1;1;2
Coleoptera;SCIRTIDAE;[Fam:SCIRTIDAE];Cyphon;sp. (Ad.) / Lv.;;(14016) / 4859;(cyphonAd) / cyphonsp;Cyphon;;0;3;0;0;0;0;0;1;3;0;3;0;3;3;0;0;0;0;0;0;0;0;3;0;0;1;0;3;0;0;0;0;3;1;3;0;0;0;0;0;0;5;0;0;0;0;0;1;0;3;0;0;0;0;0;0;0;1;3;0;0;0;0;0;0;2;2;0;0;0;0;0;0;0;0;0;0;5;3;0;0;3;3;3;3;3;0;0;0;0;3;1;0;3;3;3;0;0;0;0;0;3;3;2;0;0;3;0;0;0;0;0;1;1;2;3;3;3
Trichoptera;POLYCENTROPODIDAE;[Fam:POLYCENTROPODIDAE];Cyrnus;sp.;;4876;Cyrnsp. ;Cyrnus;;0;0;3;1;0;0;0;3;0;0;2;3;3;3;3;0;0;0;0;3;0;0;0;0;2;1;1;1;0;0;0;0;3;3;0;0;0;0;0;0;1;1;0;0;3;0;0;0;0;0;0;0;3;2;0;0;0;0;0;1;0;3;0;0;3;3;0;0;4;0;0;0;0;1;2;3;2;5;3;0;1;2;2;2;2;2;4;0;0;0;5;2;1;3;0;3;3;0;0;1;2;2;3;1;0;0;3;0;2;3;2;0;0;1;2;3;3;3
Diptera;CERATOPOGONIDAE;DASYHELEINAE;Dasyheleinae;Gen. sp.;;?;?;Dasyheleinae;;0;0;2;3;0;0;0;3;0;0;2;1;0;3;2;0;0;0;0;3;0;0;0;0;0;0;0;2;1;0;0;0;3;0;3;0;0;0;0;0;0;5;0;0;0;0;0;0;1;4;1;0;0;0;0;0;2;0;1;0;0;0;0;0;1;3;1;1;3;0;1;2;2;2;0;0;0;4;1;2;0;1;2;2;2;2;0;1;3;1;3;3;4;0;3;3;3;0;0;1;2;1;3;2;0;0;0;0;0;0;0;0;0;0;0;0;0;0
Oligochaeta;LUMBRICIDAE;[Fam:LUMBRICIDAE];Dendrobaena;rubida (f. subrubicunda);(EISEN, 1874);?;?;Dendrobaena subrubicunda;;0;0;0;0;0;3;0;0;1;0;3;0;2;2;0;2;0;0;0;3;0;0;0;0;2;0;0;0;0;1;0;0;3;3;0;0;0;0;0;0;0;0;1;1;0;0;1;3;0;1;0;0;0;0;0;1;3;0;0;0;0;0;0;0;3;0;0;0;0;0;0;1;2;2;0;0;0;0;0;1;0;2;0;0;0;0;0;0;0;0;3;0;0;0;2;3;1;0;0;0;0;1;3;0;3;0;0;0;0;1;0;0;0;0;0;3;3;2
Turbellaria;DENDROCOELIDAE;[Fam:DENDROCOELIDAE];Dendrocoelum;lacteum;O.F. MÜLLER, 1774;4911;Dendlact;Dendrocoelum lacteum;;0;0;0;0;3;0;0;3;1;0;3;0;3;3;0;3;0;0;0;3;0;0;0;0;0;3;0;0;3;0;0;0;0;3;0;0;0;0;0;0;0;5;0;0;0;0;0;0;0;0;0;0;0;3;0;0;0;0;0;0;0;3;0;0;3;2;0;1;2;0;1;1;2;3;4;3;0;3;3;0;0;3;3;3;3;3;4;0;0;0;0;0;0;2;0;2;3;2;0;0;2;3;3;1;0;0;3;0;0;2;1;0;1;1;1;3;3;3
Oligochaeta;NAIDIDAE;[Fam:NAIDIDAE];Dero / Aulophorus;sp.;;4914 / 13517;Derosp. / Aulpsp. ;Dero + Aulophorus;;0;3;3;3;3;0;0;0;1;0;0;3;3;3;0;3;0;2;1;0;0;0;0;3;1;1;0;0;0;3;0;0;0;3;3;0;0;0;0;0;2;0;0;1;1;0;0;2;0;2;0;0;0;0;0;0;3;0;1;0;0;0;0;0;2;3;0;0;2;0;0;0;1;1;2;2;0;2;3;0;0;0;3;3;3;0;0;0;0;2;3;0;0;0;3;3;2;0;0;0;2;2;3;1;0;0;3;0;0;2;3;0;0;0;0;1;1;3
Coleoptera;DYTISCIDAE;HYDROPORINAE;Deronectes;sp. Ad. / Lv.;;11830 / 4917;deroneAd / deronesp;Deronectes;;0;3;1;0;0;0;0;1;3;0;1;3;3;3;0;2;0;0;0;3;0;0;0;0;2;1;0;3;0;0;0;0;3;1;0;0;3;0;1;0;3;3;0;0;0;0;0;0;0;0;0;0;2;3;0;0;0;3;0;0;3;0;0;0;1;2;1;1;1;0;0;1;4;4;1;0;0;1;3;1;1;3;3;3;3;3;0;1;1;1;1;0;0;1;0;3;2;1;0;1;3;0;3;0;0;0;3;0;1;3;2;0;0;0;1;1;1;3
Plecoptera;PERLODIDAE;[Fam:PERLODIDAE];Dictyogenus;sp.;;4968;Dictyosp;Dictyogenus;;0;0;0;3;1;0;0;0;3;3;0;0;3;3;0;0;0;0;0;3;0;0;0;0;1;2;0;1;0;0;0;0;3;3;0;0;0;0;0;0;0;5;0;0;0;0;0;1;0;0;0;0;0;5;0;0;0;0;0;0;0;3;0;3;3;0;0;0;0;0;2;3;2;1;0;0;0;0;1;3;3;1;3;0;0;0;3;2;0;0;3;0;0;0;0;0;0;2;2;3;0;0;3;0;3;0;0;3;3;1;0;0;0;0;0;1;3;3
Hirudinea;ERPOBDELLIDAE;TROCHETINAE;Dina;lineata;O.F. MÜLLER, 1774;4973;Dinaline;Dina lineata;;0;0;0;0;3;0;0;1;3;1;3;0;3;3;0;2;0;0;0;3;0;0;0;0;1;1;0;0;0;0;0;0;3;3;0;0;0;0;0;0;0;4;1;0;1;0;0;0;0;0;0;2;1;3;0;0;0;0;0;0;0;3;0;0;1;1;3;4;1;0;0;0;0;0;0;0;0;5;3;0;0;3;2;3;3;2;1;0;0;0;3;0;0;2;2;3;1;1;0;0;3;0;3;0;0;0;3;0;0;3;3;0;0;0;1;3;3;3
Plecoptera;PERLIDAE;[Fam:PERLIDAE];Dinocras;sp.;;4982;Dinosp. ;Dinocras;;0;0;0;0;3;0;0;0;3;3;0;0;3;3;0;0;0;0;3;0;0;0;0;0;1;2;0;1;2;0;0;2;1;0;3;0;0;0;0;0;0;5;0;0;0;0;0;1;0;0;0;0;0;4;0;0;0;3;0;0;0;1;0;4;0;0;0;0;1;0;1;4;3;3;0;0;0;1;3;2;1;2;2;2;1;2;4;1;1;0;2;0;0;0;1;0;1;3;3;3;0;0;3;0;1;0;2;1;3;0;0;0;0;0;0;2;3;3
Trichoptera;HYDROPSYCHIDAE;[Fam:HYDROPSYCHIDAE];Diplectrona;felix;McLACHLAN, 1878;4983;Diplfeli;Diplectrona felix;;0;0;3;0;0;0;0;3;1;1;3;0;3;3;3;0;0;0;0;3;0;0;0;0;3;1;1;3;0;0;0;0;3;2;0;0;0;0;0;0;0;2;0;0;3;0;0;3;0;0;2;0;1;1;0;0;0;0;0;3;0;1;0;1;1;0;0;0;0;0;3;3;0;0;0;0;0;0;2;2;0;2;2;2;2;1;5;0;0;0;0;0;0;0;0;0;1;3;1;3;0;0;3;0;3;0;0;1;1;0;0;0;0;0;0;1;2;3
Plecoptera;PERLODIDAE;[Fam:PERLODIDAE];Diura;bicaudata;LINNAEUS, 1758;4988;Diurbica;Diura bicaudata;;0;0;0;1;2;0;0;1;3;3;2;0;3;3;0;0;0;0;0;1;3;0;0;0;1;2;0;1;3;0;0;2;0;3;0;0;0;0;0;0;0;5;0;0;0;0;0;1;0;0;0;0;0;5;0;0;0;0;0;0;0;3;0;3;0;0;0;0;2;0;0;1;1;1;1;1;0;1;1;3;0;0;0;3;0;0;2;3;3;0;1;0;0;0;0;0;1;2;2;3;0;0;3;0;1;0;3;3;3;0;0;0;0;0;1;3;3;3
Diptera;DIXIDAE;[Fam:DIXIDAE];Dixa;sp.;;4989;Dixasp. ;Dixa;;0;0;3;0;0;0;0;3;0;0;3;0;2;3;2;0;0;0;0;3;1;0;1;0;3;1;1;0;0;0;0;2;0;0;0;0;3;0;0;3;1;1;0;0;1;0;0;3;0;4;0;0;1;0;0;0;0;1;0;3;0;1;0;2;3;1;0;0;1;0;3;3;2;1;0;0;0;1;2;1;0;2;3;3;3;3;4;0;0;0;3;0;1;3;0;0;1;3;1;3;0;0;3;0;3;0;0;0;3;0;0;0;0;0;0;1;3;3
Diptera;DIXIDAE;[Fam:DIXIDAE];Dixella;sp.;;10349;Dixesp. ;Dixella;;0;0;3;0;0;0;0;3;0;0;3;0;2;2;1;0;0;0;0;3;1;0;1;0;3;1;1;0;0;0;0;2;0;0;0;0;3;0;0;3;2;1;0;0;1;0;0;1;0;2;0;0;4;0;0;0;0;1;0;3;0;3;0;0;3;2;3;3;0;0;0;0;1;2;2;0;0;3;2;1;0;1;2;2;3;2;3;0;0;0;2;0;2;3;0;3;1;1;0;0;3;1;3;2;0;1;3;0;0;1;1;0;1;2;3;3;3;3
Diptera;DOLICHOPODIDAE;[Fam:DOLICHOPODIDAE];Dolichopodidae;Gen. sp.;;8427;doldaeGe;Dolichopodidae;;0;0;3;0;0;0;0;0;0;0;3;0;1;2;1;0;0;2;0;0;0;1;2;0;0;0;1;1;0;2;0;1;0;0;0;0;3;0;0;0;0;5;0;0;0;0;0;0;0;0;0;0;0;5;0;0;0;0;0;0;1;3;0;0;2;2;1;2;1;0;2;2;1;1;1;1;1;4;2;2;0;2;2;2;2;2;2;1;3;1;3;0;2;2;4;2;3;1;0;1;1;1;3;2;0;0;3;0;1;3;1;0;0;0;0;1;2;2
Coleoptera;CHRYSOMELIDAE;DONACIINAE;Donacia;sp. (Ad.) /Lv.;;(11145) /4997;(DonaspAd) / Donasp. ;Donacia;;0;0;0;3;0;0;0;1;3;0;3;0;3;3;3;0;0;0;0;3;0;0;0;0;0;0;0;3;0;3;0;0;0;1;0;0;3;0;0;0;0;0;3;0;3;0;0;0;0;0;3;0;0;0;0;0;0;3;0;0;0;0;0;0;1;2;2;0;2;0;0;0;0;0;0;0;0;5;3;1;0;3;3;3;3;3;0;0;0;0;5;0;0;0;0;3;0;0;0;0;0;3;3;0;0;0;3;0;0;0;0;0;0;0;0;0;0;3
Oligochaeta;DORYDRILIDAE;[Fam:DORYDRILIDAE];Dorydrilus;michaelseni;Pig., ?;?;?;Dorydrilus;;0;0;3;3;0;0;0;0;1;0;0;3;3;3;0;3;0;0;0;3;0;0;0;0;2;0;0;0;0;1;0;0;3;3;0;0;0;0;0;0;0;0;0;1;0;0;1;3;0;1;0;0;0;0;0;1;3;0;0;0;0;0;0;0;3;0;0;0;0;0;0;1;1;1;0;0;0;0;3;0;0;0;3;2;2;0;0;0;5;0;0;0;0;0;0;0;2;0;0;0;1;0;3;0;1;0;2;2;2;0;0;0;0;0;0;3;3;2
Bivalvia;DREISSENIDAE;[Fam:DREISSENIIDAE];Dreissena;polymorpha;PALLAS, 1771;4999;Dreipoly;Dreissena polymorpha;;0;0;0;0;3;1;0;0;3;0;3;0;3;3;0;3;3;0;0;0;0;0;0;0;3;1;0;0;0;0;0;0;3;1;3;0;0;0;0;0;1;1;0;0;0;3;0;3;0;2;0;0;3;0;0;0;0;0;0;3;0;0;0;3;2;2;0;0;2;0;0;0;0;1;4;5;2;1;3;0;0;3;3;3;3;3;5;0;0;0;0;0;2;0;0;3;3;0;0;0;2;1;3;2;0;0;3;0;1;3;1;0;0;0;0;0;1;3
Trichoptera;LIMNEPHILIDAE;DRUSINAE;Drusus;sp.;;5014;Drussp. ;Drusus;;0;0;0;3;0;0;0;3;1;1;3;0;3;3;3;0;0;0;0;3;0;0;1;0;3;2;0;2;0;0;0;0;1;3;2;0;0;0;0;0;0;5;0;0;0;0;1;0;1;3;2;0;0;2;0;0;0;2;3;0;0;0;0;2;3;0;1;1;1;0;3;5;2;1;0;0;0;1;2;2;2;1;2;2;1;1;4;1;0;0;2;0;0;2;1;0;1;2;3;3;0;0;3;0;2;0;1;2;3;1;0;0;0;0;1;1;2;3
Coleoptera;DRYOPIDAE;[Fam:DRYOPIDAE];Dryops;sp. Ad. / Lv.;;9597 / 5017;dryospad / dryopssp;Dryops;;0;3;0;0;0;0;0;1;3;0;3;0;1;2;0;1;0;0;0;0;0;1;3;0;0;1;0;3;0;0;0;0;3;3;0;3;3;0;2;0;0;3;3;0;0;0;0;0;3;3;0;0;0;0;0;0;0;3;3;0;0;0;0;0;1;2;2;0;0;0;0;0;1;1;1;0;0;4;3;1;0;3;3;3;3;3;1;1;0;0;1;1;3;3;2;3;1;1;0;0;2;3;3;1;0;0;3;0;0;3;0;0;0;0;1;2;2;3
Turbellaria;DUGESIIDAE;[Fam:DUGESIIDAE];Dugesia;sp.;;5021;Dugesp. ;Dugesia;;0;0;1;2;3;0;0;0;3;0;3;0;3;3;0;3;0;0;0;2;0;0;0;2;0;2;0;0;2;0;0;0;1;3;0;0;0;0;0;1;0;5;0;0;0;0;0;0;0;0;0;0;0;3;0;0;0;0;0;0;0;3;0;1;4;2;0;0;3;0;0;1;3;4;3;2;0;2;3;1;0;1;3;3;3;1;4;0;0;0;2;0;0;2;1;3;3;1;0;1;2;2;3;1;1;2;2;1;2;3;1;0;1;2;2;3;3;3
Coleoptera;ELMIDAE;ELMINAE;Dupophilus;brevis Ad. / Lv.;MULSANT & REY, 1872;16288 / 16289;DupobrAd / DupobrLv;Dupophilus brevis;;0;3;0;0;0;0;0;1;3;0;3;0;3;3;0;2;0;0;0;3;0;0;0;0;2;1;0;2;0;0;0;0;3;1;3;3;0;0;1;0;0;4;0;0;0;0;0;1;0;3;0;0;0;0;0;0;0;1;3;0;0;0;0;3;3;0;0;0;0;0;1;3;3;1;0;0;0;0;3;1;0;3;3;3;3;3;3;3;1;0;2;0;0;0;0;0;3;3;2;3;2;0;3;0;1;0;3;0;0;0;0;0;0;0;1;1;1;2
Coleoptera;DYTISCIDAE;DYTISCINAE;Dytiscus;sp. Ad. / Lv.;;11784 / 5031;DytispAd / Dytisp. ;Dytiscus;;0;0;0;0;3;1;0;0;3;0;3;0;3;3;0;2;0;0;0;0;0;3;0;0;0;1;0;3;0;0;0;0;3;1;0;0;3;0;1;0;3;3;0;0;0;0;0;0;0;0;0;0;0;3;3;0;0;3;0;0;3;0;0;0;1;2;2;0;2;0;0;1;1;1;0;0;0;4;3;1;1;3;3;3;3;3;0;0;0;0;3;0;0;3;3;3;0;0;0;0;1;3;3;0;0;0;3;0;1;2;3;0;0;0;1;2;2;3
Trichoptera;LIMNEPHILIDAE;DRUSINAE;Ecclisopteryx;sp.;;8151;Ecclsp. ;Ecclisopteryx;;0;0;0;3;0;0;0;1;0;0;3;0;3;3;3;0;0;0;0;3;0;0;1;0;0;2;0;2;0;0;0;0;0;3;2;0;0;0;0;0;0;5;0;0;0;0;0;0;0;3;2;0;0;0;0;0;0;3;1;0;0;0;0;2;0;0;0;0;1;0;3;5;2;1;1;0;0;0;3;2;0;2;2;2;1;1;3;2;0;0;0;2;0;0;0;0;1;2;2;2;0;0;3;0;2;0;1;2;3;2;0;0;0;0;1;3;3;3
Ephemeroptera;HEPTAGENIIDAE;HEPTAGENIINAE;Ecdyonurus;sp.;;5053;ecdyonsp;Ecdyonurus;;0;0;0;3;0;0;0;3;1;1;3;0;3;3;0;0;0;2;0;3;0;0;0;0;3;1;1;3;2;0;0;1;2;1;3;0;0;0;0;0;1;5;0;0;0;0;1;2;3;2;0;0;0;0;0;0;0;2;3;0;0;0;0;3;2;0;0;0;1;0;3;3;5;2;2;1;0;1;3;2;1;3;3;2;2;1;4;1;1;1;0;0;1;0;0;1;2;3;2;2;3;0;3;0;1;1;3;1;3;3;1;0;0;0;0;1;1;3
Crustacea;GAMMARIDAE;[Fam:GAMMARIDAE];Echinogammarus;sp.;;8918;ecarussp;Echinogammarus;;0;0;0;0;3;0;0;0;3;0;0;3;3;3;0;3;3;0;0;0;0;0;0;0;3;1;0;0;0;0;0;0;3;0;3;0;0;0;0;0;2;3;0;0;0;0;0;1;5;2;1;2;2;1;0;0;0;3;0;0;0;0;0;3;4;0;0;0;0;0;0;0;0;0;1;3;2;0;3;0;0;2;2;2;2;2;5;3;1;1;5;2;4;4;0;0;2;0;0;2;2;0;3;1;0;1;0;0;2;2;0;0;0;0;1;1;2;2
Trichoptera;ECNOMIDAE;[Fam:ECNOMIDAE];Ecnomus;sp.;;5063;Ecnosp. ;Ecnomus;;0;0;3;0;0;0;0;3;0;0;3;1;3;3;3;0;0;0;2;0;0;0;0;0;1;1;1;1;0;0;0;0;3;3;0;0;0;0;0;0;0;3;2;0;2;1;0;0;0;0;0;0;2;1;0;0;0;2;0;3;0;1;0;0;2;2;0;0;2;0;1;0;0;2;2;3;2;1;3;0;0;1;2;3;2;2;4;1;1;0;4;0;3;0;0;2;3;0;0;1;3;2;3;1;0;1;1;0;0;2;3;1;1;1;1;1;2;3
Oligochaeta;LUMBRICIDAE;[Fam:LUMBRICIDAE];Eiseniella;tetraedra;SAVIGNY, 1826;5075;Eisetetr;Eiseniella tetraedra;;0;0;0;0;0;3;0;0;1;0;3;0;2;2;0;2;0;0;0;3;0;0;0;0;2;0;0;0;0;1;0;0;3;3;0;0;0;0;0;0;0;0;1;1;0;0;1;3;0;1;0;0;0;0;0;1;3;0;0;0;0;0;0;0;3;0;0;1;1;0;2;2;2;2;1;1;0;0;3;1;1;2;2;2;3;2;3;3;1;1;4;0;2;2;2;1;3;2;2;2;1;1;3;0;0;0;3;0;1;3;1;0;1;1;2;3;3;3
Ephemeroptera;HEPTAGENIIDAE;HEPTAGENIINAE;Electrogena;sp.;;5083;Elecsp. ;Electrogena;;0;0;0;3;0;0;0;3;0;0;3;0;3;3;0;0;0;1;2;0;0;0;0;0;3;1;1;3;2;0;0;1;2;1;3;0;0;0;0;0;1;5;0;0;0;0;0;3;1;3;0;0;0;0;0;0;0;0;3;0;0;0;0;3;2;0;0;0;1;0;0;2;2;2;2;1;0;1;3;1;1;0;2;2;2;1;4;0;0;0;0;0;1;1;1;0;3;0;0;1;3;0;3;0;0;0;3;1;3;2;1;0;0;0;0;0;1;3
Coleoptera;ELMIDAE;ELMINAE;Elmis;sp. Ad. / Lv.;;12072 / 5095;ElmispAd / Elmisp. ;Elmis;;0;3;0;0;0;0;0;1;3;0;3;0;3;3;0;2;0;0;0;3;0;0;0;0;2;1;0;2;0;0;0;0;3;1;3;3;0;0;1;0;0;4;0;1;0;0;0;1;0;3;0;0;0;0;0;0;0;1;3;0;0;0;0;3;3;0;0;0;0;0;1;3;3;3;1;0;0;0;3;1;1;3;3;3;3;3;3;3;1;0;3;0;0;0;0;0;3;3;3;3;2;0;3;0;1;0;3;1;3;2;0;0;0;0;1;1;1;3
Coleoptera;SCIRTIDAE;[Fam:SCIRTIDAE];Elodes;sp. (Ad.) / Lv.;;(14050) / 5418;(helodeAd) / helodesp;Elodes;;0;3;0;0;0;0;0;1;3;0;3;0;3;3;0;0;0;0;0;0;0;0;3;0;1;1;0;3;0;0;0;0;3;1;3;0;0;0;0;0;0;5;0;0;0;0;0;1;0;3;0;0;0;0;0;0;0;1;3;0;0;0;0;0;2;2;1;0;0;0;2;3;3;2;0;0;0;0;3;1;0;3;3;3;3;3;2;3;0;0;2;1;0;1;0;1;1;2;1;1;3;0;3;0;0;0;3;0;0;0;0;0;1;1;2;2;2;3
Lepidoptera;PYRALIDAE;NYMPHULINAE;Elophila;nymphaeata;LINNAEUS, 1758;9458;Elopnymp;Elophila nymphaeata;;0;0;0;3;2;0;0;3;0;0;3;0;2;3;3;0;0;0;0;3;0;0;0;0;0;0;0;3;0;3;0;3;0;1;0;2;3;0;0;0;0;0;0;0;0;0;0;0;0;0;5;0;0;0;0;0;0;3;0;0;0;0;0;1;3;4;1;0;4;0;0;1;1;1;0;0;0;3;3;1;0;3;3;3;3;3;0;2;0;0;4;0;0;0;0;3;3;0;0;1;3;1;3;0;0;0;3;0;1;3;1;0;0;0;0;1;1;3
Odonata;COENAGRIONIDAE;ISCHNURINAE;Enallagma;cyathigerum;CHARPENTIER, 1840;5100;Enalcyat;Enallagma cyathigerum;;0;0;0;3;0;0;0;2;1;1;3;0;2;3;0;0;0;0;0;0;0;3;0;0;1;1;0;3;0;0;0;0;3;1;3;0;0;0;0;0;0;5;0;0;0;0;0;0;0;0;0;0;1;4;0;0;0;0;0;0;0;3;0;0;1;2;2;0;2;0;0;0;0;0;2;2;0;4;2;2;1;1;1;1;1;1;0;0;0;1;4;0;2;3;0;3;2;0;0;1;3;1;3;1;0;0;3;0;1;3;1;0;2;3;3;3;3;3
Oligochaeta;ENCHYTRAEIDAE;[Fam:ENCHYTRAEIDAE];Enchytraeidae;Gen. sp.;;5101;enchyGen;Enchytraeidae;;0;0;3;3;0;0;0;0;1;0;0;3;2;2;0;2;0;0;0;3;0;0;0;0;2;0;0;0;0;1;0;0;3;3;0;0;0;0;0;0;0;0;3;2;0;0;1;3;0;1;0;0;0;0;0;1;3;0;0;0;0;0;0;1;2;0;0;0;1;0;0;0;1;1;1;1;0;0;3;2;2;2;2;2;2;2;1;2;2;1;2;0;0;3;3;0;2;1;0;1;1;1;3;0;1;0;2;1;3;3;2;1;0;0;2;3;3;3
Coleoptera;HYDROPHILIDAE;HYDROPHILINAE;Enochrus;sp. Ad. / Lv.;;9566 / 8603;enocspad / Enocsp. ;Enochrus;;0;1;3;0;0;0;0;1;3;0;3;1;3;3;0;2;0;0;0;3;0;0;0;0;0;1;0;3;0;0;0;0;3;1;0;1;3;0;1;0;3;3;0;0;0;0;0;0;0;3;0;0;3;1;0;0;0;3;0;0;0;1;0;0;0;3;3;0;0;0;0;0;0;0;0;0;0;5;3;0;0;3;3;3;3;3;0;0;0;0;3;3;0;3;3;3;0;0;0;0;0;3;3;3;0;0;3;0;0;2;3;0;1;1;2;2;2;2
Plecoptera;PERLIDAE;[Fam:PERLIDAE];Eoperla;ochracea;KOLBE, 1885;13619;Eopeochr;Eoperla ochracea;;0;0;0;3;0;0;0;0;3;3;0;0;3;3;0;0;0;0;3;0;0;0;0;0;1;2;0;1;0;0;0;0;3;3;0;0;0;0;0;0;0;5;0;0;0;0;0;1;0;0;0;0;0;3;0;0;0;3;0;0;0;1;0;4;0;0;0;0;1;0;0;2;2;2;0;0;0;1;1;3;2;3;0;0;0;0;2;1;1;0;1;0;0;0;0;0;0;3;0;3;0;0;3;0;1;0;3;0;3;0;0;0;0;0;0;2;3;3
Ephemeroptera;HEPTAGENIIDAE;HEPTAGENIINAE;Epeorus;sp.;;5119;Epeosp. ;Epeorus;;0;0;0;3;0;0;0;3;0;0;3;0;3;3;0;0;0;0;3;0;0;0;0;0;2;1;1;3;1;0;0;1;3;1;3;0;0;0;0;0;0;5;0;0;0;0;0;1;0;3;1;0;0;0;0;0;1;0;3;0;0;0;0;5;0;0;0;0;0;0;1;4;3;1;0;0;0;0;2;3;2;3;3;2;2;0;5;0;0;0;0;0;0;0;0;0;0;1;3;3;1;0;3;0;1;0;1;2;3;1;0;0;0;0;0;1;1;3
Ephemeroptera;EPHEMERIDAE;[Fam:EPHEMERIDAE];Ephemera;sp.;;5128;epmerasp;Ephemera;;0;0;0;0;3;0;0;1;3;3;1;0;3;3;0;0;0;0;3;1;0;0;0;0;1;1;1;3;2;0;0;3;0;1;3;0;0;0;0;0;0;1;4;0;0;0;0;3;2;1;0;0;2;0;0;0;1;3;0;3;0;1;0;3;2;0;0;1;2;0;0;2;2;3;4;4;0;2;3;0;0;3;3;3;3;0;0;4;5;1;1;0;1;1;3;1;3;2;0;1;2;1;3;0;0;0;3;1;1;3;1;0;0;0;0;1;3;3
Ephemeroptera;EPHEMERELLIDAE;EPHEMERELLINAE;Ephemerella / Serratella;sp.;;5137 / 14424;epellasp / Serrasp.;Ephemerella;;0;0;3;0;0;0;0;3;0;0;3;1;3;3;0;0;0;1;3;0;0;1;0;0;2;3;1;3;2;0;0;1;1;1;3;0;0;0;0;0;1;5;0;0;0;0;0;1;3;4;3;0;1;0;0;0;1;2;2;0;0;1;0;3;4;0;0;1;1;0;1;4;5;5;4;1;0;2;3;2;0;2;2;3;3;0;3;2;1;1;5;0;4;2;1;0;3;3;1;2;3;0;3;0;0;1;2;1;2;3;1;0;0;1;1;3;3;3
Ephemeroptera;POLYMITARCYIDAE;POLYMITARCYINAE;Ephoron;virgo;OLIVIER, 1791;5139;Ephovirg;Ephoron virgo;;0;0;0;3;0;0;0;3;1;0;3;0;3;3;0;0;0;3;0;0;0;0;0;0;1;3;1;3;3;0;0;0;0;1;3;0;0;0;0;0;0;0;5;0;0;0;0;5;0;0;0;0;0;0;0;0;1;0;0;3;0;0;0;0;3;0;0;0;0;0;0;0;1;3;4;4;0;0;3;0;0;0;0;3;3;1;1;3;4;1;0;0;0;0;0;0;1;1;0;0;0;2;3;0;0;0;3;0;0;2;1;0;0;0;0;0;0;3
Porifera;SPONGILLIDAE;[Fam:SPONGILLIDAE];Ephydatia;sp.;;5145;ephydasp;Ephydatia;;0;0;0;1;3;1;1;3;0;0;3;0;3;3;0;3;3;0;0;0;0;0;0;3;3;0;0;0;3;0;0;0;0;3;0;0;0;0;0;0;1;0;0;0;0;3;0;2;0;1;0;0;1;0;0;0;0;0;0;3;0;0;0;1;3;1;0;0;3;0;1;0;0;0;0;0;0;3;3;0;0;2;2;2;2;0;1;0;0;0;3;0;2;0;0;3;2;1;0;1;3;2;3;3;0;3;3;0;0;3;1;0;0;0;0;0;2;3
Diptera;EPHYDRIDAE;[Fam:EPHYDRIDAE];Ephydridae;Gen. sp.;;9599;EphyGen.;Ephydridae;;0;1;3;3;0;0;0;3;0;0;3;1;1;2;1;0;0;0;1;1;0;2;2;0;0;0;0;1;0;0;0;2;2;0;0;0;3;0;0;0;0;2;3;0;0;0;0;2;1;5;2;1;0;2;0;0;1;1;3;3;1;0;1;0;3;2;4;3;1;0;1;0;0;0;1;1;2;4;3;0;0;2;2;2;2;2;3;1;1;0;4;0;1;1;2;2;2;2;0;1;2;1;2;2;1;1;3;0;0;3;2;0;1;1;1;1;1;3
Odonata;CORDULIIDAE;[Fam:CORDULIIDAE];Epitheca;bimaculata;CHARPENTIER, 1825;5146;Epitbima;Epitheca bimaculata;;0;0;0;0;3;0;0;0;3;3;0;0;3;3;0;0;0;0;0;3;0;0;0;0;0;1;0;3;0;0;0;0;3;1;3;0;0;0;0;0;0;3;1;0;0;0;0;0;0;0;0;0;1;4;0;0;0;0;0;0;0;3;0;0;1;2;2;0;2;0;0;0;0;0;1;1;0;4;3;0;0;0;3;2;0;0;0;0;0;0;3;1;0;0;2;3;0;0;0;0;3;0;3;0;0;0;3;0;0;3;1;0;0;0;2;3;3;3
Coleoptera;DYTISCIDAE;DYTISCINAE;Eretes;sticticus Ad. / Lv.;LINNAEUS, 1767;11626 / 11627;ErestiAd / ErestiLv;Eretes sticticus;;0;0;0;3;0;0;0;0;3;0;3;0;3;3;0;2;0;0;0;0;0;3;0;0;0;1;0;3;0;0;0;0;3;1;0;0;3;0;1;0;3;3;0;0;0;0;0;0;0;0;0;0;1;3;1;0;0;3;0;0;3;0;0;0;0;3;3;0;0;0;0;0;0;0;0;0;0;5;3;0;0;0;0;0;0;3;0;0;0;0;3;0;0;3;3;3;0;0;0;0;1;3;3;0;0;1;3;0;0;0;0;0;0;0;1;1;1;3
Crustacea;GRAPSIDAE;[Fam:GRAPSIDAE];Eriocheir;sinensis;MILNE-EDWARDS, 1854;5149;Eriosine;Eriocheir sinensis;;0;0;0;0;0;3;2;0;3;0;3;0;3;3;0;2;0;0;3;0;0;0;0;0;0;3;0;0;0;0;0;0;3;0;3;0;0;0;0;0;1;3;3;0;0;0;0;0;0;0;3;0;0;3;1;0;0;3;0;0;0;3;0;0;3;2;0;0;0;0;0;0;0;0;2;3;3;0;3;0;0;0;0;1;3;0;2;0;1;0;2;0;0;0;0;3;2;0;0;0;0;2;2;3;1;0;2;0;0;0;0;0;0;0;0;0;0;0
Diptera;LIMONIIDAE;CHIONEINAE;Eriopterini;Gen. sp.;;?;?;Eriopterini ;;0;1;3;0;0;0;0;3;0;0;3;1;2;2;0;0;0;1;0;0;1;0;0;0;0;1;0;1;0;0;0;0;3;0;0;0;3;0;0;0;0;1;5;0;0;0;1;0;3;2;0;0;0;0;0;0;3;0;2;0;0;0;0;0;4;2;2;0;1;0;0;1;1;1;0;0;1;0;3;1;1;2;2;2;2;2;1;2;4;2;1;0;2;3;2;1;2;1;1;0;1;0;3;0;1;0;0;0;0;0;0;0;1;1;2;3;2;2
Trichoptera;BERAEIDAE;[Fam:BERAEIDAE];Ernodes;sp.;;8981;Ernosp.;Ernodes;;0;1;3;0;0;0;0;2;1;0;0;0;3;3;3;0;0;0;0;1;0;0;0;0;0;1;1;1;0;0;0;0;0;3;0;0;0;0;0;0;0;5;0;0;0;0;0;1;2;3;0;2;0;0;0;0;0;3;0;0;0;0;0;1;1;0;0;0;0;0;3;2;1;0;0;0;0;0;3;1;0;2;2;2;2;1;3;0;0;0;2;0;0;2;0;0;2;1;0;3;0;0;3;0;3;0;0;3;3;0;0;0;0;0;0;0;1;3
Trichoptera;LEPTOCERIDAE;[Fam:LEPTOCERIDAE];Erotesis;baltica;McLACHLAN, 1877;5156;Erotbalt;Erotesis baltica;;0;0;3;0;0;0;0;3;0;0;3;0;3;3;3;0;0;0;0;3;0;0;0;0;1;1;1;2;0;0;0;0;3;3;1;0;0;0;0;0;0;5;0;0;0;0;0;2;0;1;2;0;0;0;0;0;0;3;1;0;0;0;0;0;0;1;4;0;2;0;0;0;0;0;0;0;0;5;3;0;0;0;3;1;3;1;0;0;0;0;4;0;2;0;0;3;3;0;0;2;3;1;3;0;0;0;3;0;0;3;0;0;0;0;0;1;1;3
Hirudinea;ERPOBDELLIDAE;ERPOBDELLINAE;Erpobdella;sp.;;5160;Erposp. ;Erpobdella;;0;0;0;0;3;0;0;1;3;1;3;0;3;3;0;2;0;0;0;3;0;0;0;0;1;1;1;0;0;0;0;0;3;3;0;0;0;0;0;0;1;3;1;0;1;0;0;0;0;0;0;2;1;3;0;0;0;0;0;0;0;3;0;3;4;2;2;0;2;0;1;3;3;3;4;4;0;3;3;0;0;2;3;3;3;3;4;2;2;1;3;0;1;2;2;1;1;3;2;0;3;2;3;1;0;0;3;0;0;2;3;1;0;0;1;2;2;3
Odonata;COENAGRIONIDAE;COENAGRIONINAE;Erythromma;sp.;;8984;Erytsp. ;Erythromma;;0;0;0;3;3;0;0;1;3;2;2;1;2;3;0;0;0;0;0;0;0;3;0;0;0;1;0;3;0;0;0;0;3;1;3;0;0;0;0;0;2;4;0;0;0;0;0;0;0;0;0;0;0;5;0;0;0;0;0;0;0;3;0;0;2;2;2;0;2;0;0;0;0;0;1;1;0;3;3;1;0;1;1;1;1;1;0;0;0;0;4;0;2;3;0;3;2;0;0;2;2;2;3;1;0;0;3;0;1;3;1;0;0;1;1;3;3;3
Coleoptera;ELMIDAE;ELMINAE;Esolus;sp. Ad. / Lv.;;12084 / 5169;EsolspAd / Esolsp.;Esolus;;0;3;0;0;0;0;0;1;3;0;3;0;3;3;0;2;0;0;0;3;0;0;0;0;2;1;0;2;0;0;0;0;3;1;3;3;0;0;1;0;0;4;0;1;0;0;0;1;0;3;0;0;0;0;0;0;0;1;3;0;0;0;0;3;3;0;0;0;0;0;1;3;3;3;1;0;0;0;3;1;0;3;3;3;3;3;1;3;3;1;2;0;0;0;0;0;3;2;1;3;2;0;3;0;1;0;3;1;3;3;0;0;0;0;1;1;1;3
Coleoptera;PSEPHENIDAE;EUBRIINAE;Eubria;palustris (Ad.) / Lv.;GERMAR, 1818;(13698) / 13699;(EubpalAd) / EubpalLv;Eubria palustris;;0;3;0;0;0;0;0;1;3;0;3;0;3;3;0;0;0;0;0;0;0;0;0;0;2;1;0;3;0;0;0;0;3;1;3;0;0;0;0;0;0;5;0;0;0;0;0;0;0;3;0;0;0;0;0;0;0;1;3;0;0;0;0;0;2;2;0;0;0;0;2;3;3;2;1;0;0;0;3;1;1;3;3;3;1;1;3;3;1;0;0;1;0;0;0;0;1;3;3;3;1;0;3;0;3;0;1;0;0;0;0;0;0;0;0;0;0;3
Plecoptera;LEUCTRIDAE;[Fam:LEUCTRIDAE];Leuctra;geniculata;STEPHENS, 1836;5237;Leucgeni;Euleuctra geniculata;;0;0;1;3;0;0;0;3;0;0;3;0;3;3;0;0;0;0;3;0;0;0;0;0;3;2;0;1;0;0;0;0;3;3;0;0;0;0;0;0;0;5;3;0;0;0;0;1;3;1;2;1;0;0;0;0;0;3;0;0;0;0;0;5;3;0;0;0;0;0;0;0;2;4;2;0;0;0;3;1;0;1;1;2;2;1;2;4;1;0;2;0;4;2;1;0;2;2;1;2;2;1;3;0;0;1;3;0;1;3;1;0;0;1;3;3;3;3
Gastropoda;PLANORBIDAE;[Fam:PLANORBIDAE];Ferrissia;sp.;WALKER, 1903;8988;Ferrsp. ;Ferrissia;;0;3;0;0;0;0;0;3;0;0;3;0;3;0;0;2;0;0;0;3;0;0;0;0;2;1;1;0;0;0;0;0;2;3;0;0;0;0;0;0;0;2;3;0;0;0;0;0;2;2;0;2;0;0;0;0;0;1;3;0;0;0;0;0;1;1;0;0;0;0;0;0;0;1;2;3;0;1;3;0;0;0;3;3;3;3;1;1;0;0;4;0;2;3;3;2;2;0;0;3;2;0;3;1;0;0;3;0;1;2;2;0;0;0;0;1;3;3
Diptera;CERATOPOGONIDAE;FORCIPOMYIINAE;Forcipomyinae;Gen. sp.;;?;?;Forcipomyinae;;0;2;2;0;0;0;0;3;0;0;2;1;0;2;2;0;0;0;0;3;0;0;0;0;0;0;0;2;1;0;0;0;3;0;3;0;0;0;0;0;0;5;0;0;0;0;0;0;1;4;1;0;0;0;0;0;3;0;1;0;0;0;0;0;2;3;2;2;3;0;1;2;2;2;0;0;0;4;1;0;0;1;3;3;3;1;1;1;3;1;3;0;4;0;3;3;1;1;0;1;2;1;3;2;0;1;3;0;0;0;0;0;0;0;0;0;0;0
Bryozoa;FREDERICELLIDAE;[Fam:FREDERICELLIDAE];Fredericella;sultana;BLUMENBACH, 1779;5275;Fredsult;Fredericella sultana;;0;0;0;0;3;1;0;3;0;3;0;0;3;3;0;3;3;0;0;0;0;0;0;3;3;1;0;0;3;0;0;0;0;3;0;0;0;0;0;0;1;0;0;0;0;3;0;1;0;3;0;0;3;0;0;0;0;0;0;3;0;0;0;0;3;2;0;0;4;0;0;0;0;1;3;2;0;2;3;2;1;3;3;3;3;0;4;0;1;0;2;0;4;0;2;2;3;1;0;1;2;1;3;1;0;0;3;0;2;3;0;0;0;0;0;0;1;3
Gastropoda;LYMNAEIDAE;[Fam:LYMNAEIDAE];Galba;truncatula;O.F. MÜLLER, 1774;5284;Galbtrun;Galba truncatula;;0;0;0;3;1;0;0;3;0;0;0;3;3;0;0;1;0;0;0;3;0;0;0;0;2;1;0;0;0;0;0;1;0;3;0;0;0;0;0;0;0;3;0;0;0;0;0;1;3;4;2;1;0;0;0;0;0;1;3;0;0;0;0;0;3;2;2;3;0;0;1;3;2;1;1;1;0;4;3;3;1;3;3;3;3;3;3;1;0;0;4;1;2;0;3;1;1;2;0;1;1;1;3;1;0;0;3;1;1;2;1;1;1;2;2;2;2;2
Crustacea;GAMMARIDAE;[Fam:GAMMARIDAE];Gammarus;sp.;;5293;Gammsp. ;Gammarus;;0;0;0;2;2;0;0;1;3;0;0;3;3;3;0;3;3;0;0;0;0;0;0;0;3;2;0;0;0;0;0;0;3;0;3;0;0;0;0;0;2;3;0;1;0;0;0;1;5;2;1;2;2;1;0;0;0;3;1;0;0;0;0;3;4;1;0;1;2;0;2;2;2;2;2;2;2;1;3;3;0;2;2;2;2;2;5;3;2;1;3;2;4;4;0;1;2;3;1;3;3;0;3;1;1;0;3;1;2;3;2;0;1;1;2;2;2;3
Heteroptera;GERRIDAE;GERRINAE;Gerris;sp.;;5303;Gerrsp. ;Gerris;;0;0;1;3;0;0;0;2;3;0;2;3;1;2;0;2;0;0;1;2;0;0;3;0;1;2;0;3;2;0;0;3;1;0;0;0;3;0;3;4;0;0;0;0;0;0;0;0;0;0;0;1;0;3;0;0;0;0;0;0;3;1;0;1;3;3;2;1;3;0;0;1;1;1;2;2;0;5;3;2;1;2;1;2;2;2;0;0;0;0;5;0;0;0;0;3;3;1;1;2;2;3;3;2;0;0;3;0;1;2;2;0;0;1;2;3;3;3
Heteroptera;CORIXIDAE;CORIXINAE;Glaenocorisa;propinqua;FIEBER, 1860;11195;Glaeprop;Glaenocorisa propinqua;;0;0;3;0;0;0;0;3;0;0;1;1;3;3;0;2;0;0;1;3;0;0;0;0;0;2;0;2;0;0;0;1;0;1;0;2;3;0;1;2;2;0;0;0;0;0;0;0;0;1;1;0;3;0;0;0;0;2;1;0;3;0;0;0;1;1;1;0;3;0;0;0;0;0;0;0;0;4;1;2;0;0;3;3;0;0;1;1;1;0;1;0;0;0;0;3;0;0;0;3;1;0;3;0;0;0;3;0;3;0;0;0;2;3;3;2;1;1
Hirudinea;GLOSSIPHONIIDAE;GLOSSIPHONIINAE;Glossiphonia;sp.;;5310;glossisp;Glossiphonia;;0;0;0;3;3;0;0;1;3;0;3;0;3;3;0;2;2;0;0;0;1;0;0;0;1;1;0;0;0;0;0;0;3;3;0;0;0;0;0;0;0;3;0;0;1;0;0;0;0;0;0;0;0;3;0;0;0;0;0;0;3;0;1;2;2;3;0;0;3;0;2;3;3;2;2;2;0;3;3;0;0;3;3;3;3;3;4;3;0;0;3;0;0;1;0;2;2;2;1;0;3;1;3;1;0;0;3;0;1;3;2;0;0;1;1;1;2;3
Trichoptera;GLOSSOSOMATIDAE;[Fam:GLOSSOSOMATIDAE];Glossosoma;sp.;;5316;glossosp;Glossosoma;;0;0;3;1;0;0;0;3;0;0;2;1;3;3;3;0;0;0;0;3;0;0;0;0;1;2;1;1;0;2;0;2;0;3;0;0;0;0;0;0;0;1;0;0;3;0;0;0;0;5;0;0;0;0;0;0;0;0;3;0;0;0;0;3;2;0;1;0;0;0;1;4;3;3;1;1;0;1;2;2;0;2;2;2;2;2;5;0;1;0;0;3;0;0;0;0;2;3;1;3;1;0;3;0;0;0;3;1;2;1;0;0;0;0;0;0;1;3
Trichoptera;LIMNEPHILIDAE;LIMNEPHILINAE;Glyphotaelius;pellucidus;RETZIUS, 1783;5318;Glyppell;Glyphotaelius pellucidus;;0;0;0;3;1;0;0;3;1;1;3;0;1;3;3;0;0;0;0;1;0;0;3;0;1;1;0;3;0;0;0;3;0;2;2;0;0;0;0;0;0;5;0;0;0;0;0;0;4;0;1;0;0;0;0;0;0;3;0;0;0;0;0;0;2;3;1;2;3;0;0;3;2;2;0;0;0;5;3;0;0;0;2;2;2;2;0;0;0;0;3;0;0;5;0;2;3;0;0;2;3;1;3;0;0;0;3;0;1;2;2;0;0;0;1;3;3;3
Trichoptera;GOERIDAE;[Fam:GOERIDAE];Goera;pilosa;FABRICIUS, 1775;5329;Goerpilo;Goera pilosa;;0;0;0;3;0;0;0;3;0;0;3;0;3;3;3;0;0;0;2;0;0;0;0;0;1;1;1;2;0;0;0;0;3;2;3;0;0;0;0;0;0;5;0;0;1;0;0;1;2;3;0;0;0;0;0;0;0;1;3;0;0;0;0;2;2;0;0;0;2;0;0;1;5;3;2;1;1;2;3;0;0;2;2;2;2;2;4;2;2;0;2;0;0;0;0;1;2;3;1;2;3;0;3;1;0;0;3;0;1;3;2;0;0;0;0;0;1;3
Odonata;GOMPHIDAE;GOMPHINAE;Gomphus;sp.;;5331;Gompsp. ;Gomphus;;0;0;0;0;3;0;0;0;3;3;0;0;3;3;0;0;0;1;3;0;0;0;0;0;2;0;0;3;3;0;0;0;0;1;3;0;0;0;0;0;0;1;4;0;0;0;0;0;0;0;0;0;0;5;0;0;0;0;0;0;0;3;0;2;3;1;0;0;1;0;0;1;2;2;1;1;0;2;3;0;0;2;2;2;2;2;2;0;2;4;0;0;0;0;2;1;2;3;0;3;2;1;3;0;0;0;3;0;1;3;2;0;0;0;2;3;3;3
Nematomorpha;GORDIIDAE;[Fam:GORDIIDAE];Gordiidae;Gen. sp.;;9808;GordGen.;Gordiacae;;0;0;0;0;0;0;3;3;1;1;1;3;2;1;0;2;0;0;0;3;0;0;0;0;3;1;1;0;0;1;1;1;1;3;0;0;0;0;0;0;1;2;0;0;3;0;0;0;0;0;0;0;0;3;0;0;0;0;0;0;0;0;3;0;2;3;0;0;0;0;3;2;0;0;0;0;0;2;1;2;0;0;3;1;3;0;2;2;2;0;2;0;0;0;0;1;1;1;0;3;0;0;3;0;3;0;0;0;0;0;0;0;0;0;0;0;0;0
Coleoptera;DYTISCIDAE;DYTISCINAE;Graphoderus;sp. Ad. / Lv.;;11792 / 8998;grapspAd / graphosp;Graphoderus;;0;0;0;3;0;0;0;0;3;0;3;0;3;3;0;2;0;0;0;0;0;3;0;0;0;1;0;3;0;0;0;0;3;1;0;0;3;0;1;0;3;3;0;0;0;0;0;0;0;0;0;0;1;3;1;0;0;3;0;0;3;0;0;0;0;3;3;0;1;0;0;0;0;0;0;0;0;5;3;0;0;3;3;3;3;3;0;0;0;0;3;0;0;3;3;3;0;0;0;0;1;3;3;0;0;0;3;0;0;3;3;0;1;1;1;3;3;3
Coleoptera;DYTISCIDAE;HYDROPORINAE;Graptodytes;sp. Ad. / Lv.;;11854 / 8999;gresspAd / graptosp;Graptodytes;;0;3;0;0;0;0;0;1;3;0;1;3;3;3;0;2;0;0;0;3;0;0;0;0;1;1;0;3;0;0;0;0;3;1;0;0;3;0;1;0;3;3;0;0;0;0;0;0;0;0;0;0;2;3;0;0;0;3;0;0;3;0;0;0;2;2;2;0;1;0;0;0;0;0;0;0;0;5;3;1;0;3;3;3;3;3;0;0;0;0;3;0;0;3;3;3;1;0;0;0;1;3;3;0;0;0;3;0;1;2;1;0;1;1;2;3;3;3
Gastropoda;PLANORBIDAE;[Fam:PLANORBIDAE];Gyraulus;sp.;CHARPENTIER, 1837;5359;Gyrasp. ;Gyraulus;;0;0;3;0;0;0;0;3;1;0;3;0;3;0;0;3;0;0;0;3;0;0;0;0;2;2;0;0;0;0;0;1;1;3;0;0;0;0;0;1;0;3;0;0;0;0;0;0;1;4;1;1;0;0;0;0;0;1;3;0;0;0;0;0;3;5;0;1;0;0;1;1;1;2;3;2;0;4;3;0;0;3;3;3;3;3;3;1;0;1;5;1;0;3;4;3;2;1;0;1;3;1;3;1;0;0;3;0;2;2;1;0;0;0;1;1;3;3
Coleoptera;GYRINIDAE;GYRININAE;Gyrinus;sp. Ad. / Lv.;;12412 / 5364;GyrispAd / Gyrisp. ;Gyrinus;;0;2;3;0;0;0;0;1;3;0;3;0;3;3;0;2;0;0;0;3;0;0;0;0;0;2;0;3;0;0;0;0;3;1;3;0;3;0;1;3;3;3;0;0;0;0;0;0;0;0;0;0;1;3;0;0;0;3;0;0;3;0;0;0;1;3;3;0;2;0;0;0;0;0;0;0;0;5;3;1;0;2;2;3;3;3;0;0;0;0;4;0;0;1;1;3;1;0;0;0;3;3;3;1;0;0;3;0;1;3;1;0;1;1;2;2;2;3
Ephemeroptera;LEPTOPHLEBIIDAE;HABROPHLEBIINAE;Habroleptoides;sp.;;9003;habrolsp;Habroleptoides;;0;0;1;3;0;0;0;3;0;0;3;0;3;3;0;0;0;0;0;3;0;0;0;0;2;1;1;1;0;0;0;0;3;1;3;0;0;0;0;0;0;3;1;0;0;0;1;3;1;3;0;0;0;0;0;0;0;2;3;0;0;0;0;0;3;0;0;0;0;0;1;3;5;2;1;0;0;0;2;2;1;3;3;2;1;1;3;2;1;0;0;0;2;1;1;1;2;2;0;3;1;0;3;0;0;0;3;1;3;2;0;0;0;0;0;0;1;3
Ephemeroptera;LEPTOPHLEBIIDAE;HABROPHLEBIINAE;Habrophlebia;sp.;;5371;habropsp;Habrophlebia;;0;0;3;0;0;0;0;3;0;0;3;0;3;3;0;0;0;1;3;0;0;0;0;0;1;1;1;1;2;0;0;1;1;1;3;0;0;0;0;0;1;3;0;0;0;0;0;1;3;3;0;0;0;0;0;0;1;3;0;0;0;0;0;1;3;1;0;0;1;0;0;2;3;4;1;1;0;1;3;1;0;2;3;3;3;0;0;0;1;1;2;0;2;3;1;0;3;0;0;1;3;0;3;0;0;0;3;0;2;2;1;0;0;0;0;0;1;3
Hirudinea;GLOSSIPHONIIDAE;GLOSSIPHONIINAE;Placobdella;costata;FR. MÜLLER, 1846;8747;Placcost;Haementeria costata;;0;0;0;0;1;3;0;0;3;0;3;0;3;3;0;2;2;0;0;0;1;0;0;0;2;1;2;0;0;0;0;0;3;3;0;0;0;0;0;0;0;3;0;0;1;0;0;0;0;0;0;0;0;0;3;0;0;0;0;0;2;0;2;1;2;3;0;0;2;0;1;0;0;0;0;0;0;3;3;0;0;2;1;1;3;1;3;0;0;0;5;0;0;0;0;2;2;1;0;0;1;0;3;1;0;0;3;0;0;1;1;0;0;0;0;0;0;3
Hirudinea;HAEMOPIDAE;HAEMOPINAE;Haemopis;sanguisuga;LINNAEUS, 1758;5373;Haemsang;Haemopis sanguisuga;;0;0;0;0;0;3;0;0;3;0;1;0;1;3;0;1;0;0;0;3;0;0;2;0;1;1;1;0;0;0;0;0;3;3;0;0;0;0;0;0;1;4;1;0;1;0;0;0;0;0;0;2;1;3;1;0;0;0;0;0;2;2;0;0;2;4;0;1;4;0;0;0;2;2;1;0;0;4;3;0;0;2;3;3;3;3;4;0;0;0;2;0;0;0;0;3;3;2;0;1;3;1;3;1;0;0;3;0;0;2;2;0;0;0;1;1;2;2
Trichoptera;PHRYGANEIDAE;[Fam:PHRYGANEIDAE];Hagenella;clathrata;KOLENATI, 1848;5374;Hageclat;Hagenella clathrata;;0;0;0;2;3;0;0;3;0;0;3;0;3;3;3;0;0;0;0;3;0;0;0;0;0;2;1;2;0;0;0;3;0;2;2;0;0;0;0;0;0;5;0;0;0;0;0;0;3;0;3;1;0;1;0;0;0;3;0;0;0;0;0;0;0;1;4;3;0;0;0;0;0;0;0;0;1;5;3;0;0;0;3;3;3;0;0;0;0;0;3;0;2;0;0;3;1;0;0;1;1;1;3;0;0;0;3;1;3;2;0;0;1;2;2;2;2;2
Trichoptera;LIMNEPHILIDAE;LIMNEPHILINAE;Halesus;sp.;;5378;Halesp. ;Halesus;;0;0;0;0;3;0;0;3;0;0;3;0;3;3;3;0;0;0;0;3;0;0;0;0;1;2;0;3;0;0;0;1;3;3;2;0;0;0;0;0;0;5;0;0;0;0;0;0;3;0;3;0;1;2;0;0;0;3;0;0;0;0;0;2;2;2;1;0;2;0;2;3;5;3;2;1;1;1;3;2;1;2;3;2;2;2;4;1;1;1;1;1;0;4;1;1;3;2;2;2;1;0;3;1;1;0;3;1;3;3;0;0;0;0;2;3;3;3
Coleoptera;HALIPLIDAE;[Fam:HALIPLIDAE];Haliplus;sp. Ad. / Lv.;;9537 / 5396;halispad / Halisp. ;Haliplus;;0;3;0;0;0;0;0;1;3;0;1;3;3;3;0;2;0;0;0;0;0;3;0;0;1;1;0;3;0;0;0;0;3;3;0;0;3;0;1;0;3;3;0;0;0;0;0;0;0;3;3;0;0;0;0;0;0;3;0;0;3;0;0;0;2;3;2;0;1;0;0;0;0;0;0;0;0;5;3;2;1;3;3;3;3;3;1;1;1;3;3;0;0;0;2;3;2;1;0;1;3;3;3;1;0;0;3;0;1;3;1;0;0;1;1;2;3;3
Diptera;BLEPHARICERIDAE;BLEPHARICERINAE-Tribus Blepharicerini;Hapalothrix;sp.;;9784;Hapasp. ;Hapalothrix;;0;0;3;0;0;0;0;0;0;0;0;0;2;3;2;0;0;0;0;3;0;0;0;0;2;1;0;1;0;0;0;1;0;1;3;0;0;0;0;0;0;2;0;0;2;0;0;0;0;5;0;0;0;0;0;0;0;0;3;0;0;0;0;5;0;0;0;0;0;0;0;5;0;0;0;0;0;0;0;2;0;0;2;0;0;0;5;0;0;0;0;0;0;0;0;0;0;0;3;3;0;0;3;0;2;0;0;0;0;0;0;0;0;0;0;0;0;0
Oligochaeta;HAPLOTAXIDAE;[Fam:HAPLOTAXIDAE];Haplotaxis;gordioides;HARTMANN, 1821;5401;Haplgord;Haplotaxis gordioides;;0;0;0;0;0;0;3;0;0;0;3;0;3;3;0;2;0;0;0;0;0;0;0;0;1;1;0;0;0;1;0;0;2;3;0;0;0;0;0;0;1;0;0;3;0;0;1;2;0;0;0;0;0;0;0;0;3;0;0;0;0;0;0;3;2;0;3;0;1;2;2;1;1;1;1;1;0;0;3;1;0;1;3;3;3;0;1;2;1;1;1;0;0;0;2;1;2;2;0;3;0;0;3;0;2;0;0;0;2;2;0;0;0;0;0;3;3;2
Trichoptera;HELICOPSYCHIDAE;[Fam:HELICOPSYCHIDAE];Helicopsyche;sp.;;12459;Helcsp. ;Helicopsyche;;0;0;3;0;0;0;0;3;0;0;3;0;1;3;3;0;0;0;2;2;0;0;0;0;0;0;1;1;1;0;0;1;3;3;0;0;0;0;0;0;0;4;1;0;1;0;0;0;2;3;0;1;0;0;0;0;0;1;3;0;0;0;0;4;0;0;0;0;0;0;3;1;0;0;0;0;0;0;3;1;0;0;2;0;0;2;4;0;0;0;0;0;0;1;0;0;0;2;3;1;0;0;3;0;0;0;0;0;3;0;0;0;0;0;0;0;2;3
Hirudinea;GLOSSIPHONIIDAE;HAEMENTERIINAE;Helobdella;stagnalis;LINNAEUS, 1758;5413;Helostag;Helobdella stagnalis;;0;0;3;1;0;0;0;3;1;0;3;1;3;3;0;3;2;0;0;0;1;0;0;0;1;1;0;0;0;0;0;0;3;3;0;0;0;0;0;0;0;4;1;0;1;0;0;0;0;0;0;0;0;3;1;0;0;0;0;0;3;0;0;1;1;2;0;1;2;0;0;0;2;2;2;2;0;2;3;0;0;3;3;3;3;3;2;0;0;0;5;0;0;3;0;2;3;1;0;0;2;3;3;0;0;0;3;0;0;1;2;0;1;1;1;2;3;3
Coleoptera;HYDROPHILIDAE;HYDROPHILINAE;Helochares;sp. Ad. / Lv.;;9570 / 5416;hechspad / helochsp;Helochares;;0;2;3;0;0;0;0;1;3;0;3;1;3;3;0;2;0;0;0;3;0;0;0;0;0;1;0;3;0;0;0;0;3;1;0;1;3;0;1;0;3;3;0;0;0;0;0;0;0;3;0;0;3;1;0;0;0;3;0;0;0;1;0;0;0;3;3;0;0;0;0;0;0;0;0;0;0;5;3;0;0;3;3;3;3;3;0;0;0;0;3;3;0;3;3;3;0;0;0;0;0;3;3;2;0;0;3;0;0;1;2;0;1;1;2;2;3;3
Coleoptera;HELOPHORIDAE;[Fam:HELOPHORIDAE];Helophorus;sp. Ad. / Lv.;;12529 / 7740;heorusAd / heorussp;Helophorus;;0;3;3;0;0;0;0;1;3;0;3;1;1;1;0;2;0;0;0;0;0;0;3;0;1;1;0;3;0;0;0;0;3;0;0;1;3;0;1;0;3;3;0;0;0;0;0;1;0;3;0;0;0;0;0;0;0;1;3;0;0;0;0;0;1;2;2;2;1;0;0;0;0;0;0;0;0;5;3;1;1;3;3;3;3;3;0;0;0;0;1;3;0;3;3;3;1;0;0;1;1;3;3;2;0;0;3;0;1;3;3;0;1;1;2;3;3;3
Diptera;EMPIDIDAE;HEMERODROMIINAE;Hemerodromiinae;Gen. sp.;;?;?;Hemerodromiinae;;0;0;3;0;0;0;0;3;0;0;3;2;0;2;3;0;0;0;0;0;0;0;1;0;1;1;0;1;0;0;0;0;0;1;0;0;1;0;0;0;0;2;1;1;0;0;0;0;0;1;0;0;0;5;0;0;0;0;0;0;0;3;0;2;3;0;2;0;0;0;2;2;2;2;0;0;0;0;2;1;1;2;3;2;2;2;3;1;1;1;4;0;3;1;2;0;1;1;2;1;3;1;3;0;0;0;3;1;1;3;1;0;0;0;1;3;3;3
Odonata;AESHNIDAE;AESHNINAE;Hemianax;ephippiger;BURMEISTER, 1839;7431;Hemiephi;Hemianax ephippiger;;0;0;0;0;0;3;0;0;3;0;3;0;2;3;0;0;0;0;0;0;0;3;0;0;0;0;0;3;0;0;0;0;3;1;3;0;0;0;0;0;0;5;0;0;0;0;0;0;0;0;0;0;1;4;1;0;0;0;0;0;0;3;0;0;0;0;0;3;0;0;0;0;0;0;0;0;0;5;3;0;0;0;1;0;0;1;0;0;0;0;0;0;0;5;0;1;0;0;0;0;3;0;3;0;0;3;1;0;0;3;1;0;0;0;2;3;2;1
Hirudinea;GLOSSIPHONIIDAE;GLOSSIPHONIINAE;Hemiclepsis;marginata;O.F. MÜLLER, 1774;5444;Hemimarg;Hemiclepsis marginata;;0;0;0;3;0;0;0;0;0;0;1;0;3;3;0;2;2;0;0;0;1;0;0;0;3;1;0;0;0;0;0;0;3;3;0;0;0;0;0;0;0;3;0;0;1;0;0;0;0;0;0;0;0;0;3;0;0;0;0;0;2;0;2;0;2;2;0;0;2;0;0;0;1;1;2;2;0;2;3;0;0;2;3;3;3;3;2;0;0;0;3;0;0;2;0;3;1;0;0;0;3;1;3;1;0;0;3;0;0;3;1;0;0;0;1;1;2;2
Coleoptera;HYDROPHILIDAE;HYDROPHILINAE;Hemisphaera;guignoti Ad. / Lv.;SCHAEFER, 1975;16326 / 16327;HemiguAd / HemiguLv;Hemisphaera guignoti;;0;3;0;0;0;0;0;1;3;0;3;1;3;3;0;2;0;0;0;3;0;0;0;0;0;1;0;3;0;0;0;0;3;1;0;1;3;0;1;0;3;3;0;0;0;0;0;0;0;3;0;0;3;1;0;0;0;3;0;0;0;1;0;0;0;3;3;0;0;0;0;0;0;0;0;0;0;5;3;0;0;3;3;3;3;3;0;0;0;0;3;3;0;3;3;3;0;0;0;0;0;3;3;0;0;0;3;0;0;0;0;0;0;0;0;0;0;2
Ephemeroptera;HEPTAGENIIDAE;HEPTAGENIINAE;Heptagenia;sp.;;5456;Heptsp. ;Heptagenia;;0;0;0;3;0;0;0;3;1;1;3;0;3;3;0;0;0;1;2;0;0;0;0;0;3;1;1;3;1;0;0;2;2;1;3;0;0;0;0;0;1;5;0;0;0;0;1;2;2;3;1;0;0;0;0;0;1;2;3;0;0;0;0;4;2;0;0;0;2;0;0;1;2;4;4;1;0;1;3;0;0;1;1;2;3;0;5;2;1;0;1;0;1;1;0;0;2;3;2;0;3;1;3;0;0;0;3;0;1;3;1;0;1;1;1;2;2;3
Heteroptera;CORIXIDAE;CORIXINAE;Hesperocorixa;sp.;;9014;Hespsp. ;Hesperocorixa;;0;0;3;0;0;0;0;3;0;0;1;1;3;3;0;2;0;0;1;3;0;1;0;0;0;2;0;2;0;0;0;1;0;1;0;2;3;0;1;0;5;0;0;0;0;0;0;0;3;1;0;1;1;0;0;0;0;3;2;0;2;0;0;0;1;3;3;1;2;0;0;1;1;1;1;1;0;5;3;0;0;2;1;3;1;2;0;0;0;0;3;0;0;3;2;2;2;0;0;1;1;3;3;2;0;0;3;0;0;1;3;0;2;3;3;3;3;3
Porifera;SPONGILLIDAE;[Fam:SPONGILLIDAE];Heteromyenia;baileyi;BOWERBANK;14108;Hetebale;Heteromyenia baileyi;;0;0;0;0;2;1;1;3;0;0;3;0;3;3;0;3;3;0;0;0;0;0;0;3;3;0;0;0;3;0;0;0;0;3;0;0;0;0;0;0;1;0;0;0;0;3;0;2;0;1;0;0;1;0;0;0;0;0;0;3;0;0;0;1;3;1;0;0;3;0;0;0;0;0;0;0;0;3;3;0;0;1;1;1;1;0;3;0;0;0;1;0;2;0;0;3;2;1;0;3;0;0;3;0;0;1;3;0;0;3;0;0;0;0;0;2;3;3
Diptera;LIMONIIDAE;LIMNOPHILINAE;Hexatomini;Gen. sp.;;?;?;Hexatomini ;;0;0;3;1;0;0;0;1;0;0;3;1;2;2;0;0;0;1;0;1;0;0;0;0;1;1;0;1;0;0;0;0;2;0;0;0;3;0;0;0;0;1;4;0;0;0;0;1;3;1;0;0;0;5;0;0;0;1;1;0;0;3;0;0;2;2;2;0;1;0;0;1;1;1;0;0;1;0;3;1;1;1;1;1;1;1;1;2;3;3;1;0;0;3;3;1;2;1;0;1;1;0;3;0;0;0;2;0;0;0;0;0;1;1;2;2;3;3
Gastropoda;PLANORBIDAE;[Fam:PLANORBIDAE];Hippeutis;complanatus;LINNAEUS, 1758;5483;Hippcomp;Hippeutis complanata;;0;1;3;0;0;0;0;3;0;0;3;0;3;0;0;3;0;0;0;3;0;0;0;0;2;1;0;0;0;0;0;1;0;3;0;0;0;0;0;1;0;3;0;0;0;0;0;0;1;1;3;1;0;0;0;0;0;1;2;0;0;0;0;0;1;3;0;0;0;0;0;0;1;2;3;1;0;3;3;0;0;2;2;2;2;2;2;1;0;0;4;1;0;0;3;3;0;0;0;0;1;3;3;1;0;0;3;0;2;2;1;0;0;0;0;0;1;3
Hirudinea;HIRUDINIDAE;HIRUDININAE;Hirudo;medicinalis;LINNAEUS, 1758;5485;Hirumedi;Hirudo medicinalis;;0;0;0;0;0;3;1;0;3;3;0;0;1;3;0;2;0;0;0;3;0;0;2;0;3;1;1;0;0;0;0;0;3;3;0;0;0;0;0;0;0;3;0;0;2;0;0;0;0;0;0;0;0;0;3;0;0;0;0;0;2;0;2;0;1;2;2;0;0;0;0;1;1;0;0;0;0;3;3;0;0;2;3;3;3;3;3;0;0;0;3;0;0;0;0;2;2;2;0;1;3;0;3;1;0;0;3;0;0;1;3;0;0;0;1;1;2;2
Trichoptera;POLYCENTROPODIDAE;[Fam:POLYCENTROPODIDAE];Holocentropus;sp.;;5489;Holosp. ;Holocentropus;;0;0;1;3;0;0;0;3;0;0;2;3;3;3;3;0;0;0;0;3;0;0;0;0;1;1;1;2;0;0;0;0;3;3;0;0;0;0;0;0;1;1;0;0;3;0;0;0;0;0;0;0;3;2;0;0;0;0;0;1;0;3;0;0;1;3;1;0;3;0;0;0;2;2;1;1;1;5;3;1;0;1;2;2;2;2;3;1;1;0;3;0;1;2;1;3;3;0;0;2;2;1;3;1;0;0;3;0;0;3;3;0;1;2;3;3;3;3
Bryozoa;PLUMATELLIDAE;[Fam:PLUMATELLIDAE];Hyalinella;punctata;HANCOCK, 1850;5493;Hyalpunc;Hyalinella punctata;;0;0;0;0;3;2;2;3;0;3;0;0;3;3;0;3;3;0;0;0;0;0;0;3;3;1;0;0;3;0;0;0;0;3;0;0;0;0;0;0;1;0;0;0;0;3;0;1;0;3;0;0;3;0;0;0;0;0;0;3;0;0;0;0;1;2;0;0;1;0;0;0;0;0;1;1;0;1;3;0;0;0;0;1;3;1;3;0;0;0;1;0;3;0;0;2;1;0;0;0;0;3;3;1;0;0;3;0;1;3;2;0;0;0;0;0;0;3
Coleoptera;DYTISCIDAE;DYTISCINAE;Hydaticus;sp. Ad. / Lv.;;11799 / 5496;hydatiAd / hydatisp;Hydaticus;;0;0;1;3;0;0;0;0;3;0;3;0;3;3;0;2;0;0;0;0;0;3;0;0;0;1;0;3;0;0;0;0;3;1;0;0;3;0;1;0;3;3;0;0;0;0;0;0;0;0;0;0;1;3;1;0;0;3;0;0;3;0;0;0;0;3;3;0;1;0;0;0;0;0;0;0;0;5;3;0;0;3;3;3;3;3;0;0;0;0;3;0;0;3;3;3;0;0;0;0;1;3;3;0;0;0;3;0;0;3;3;0;0;0;2;2;2;3
Trichoptera;LIMNEPHILIDAE;LIMNEPHILINAE;Hydatophylax;sp.;;9021;hydatosp;Hydatophylax;;0;0;0;3;1;0;0;1;0;0;3;0;3;3;3;0;0;0;0;1;0;0;0;0;0;2;0;2;0;0;0;0;3;3;2;0;0;0;0;0;0;5;0;0;0;0;0;1;2;0;3;0;0;1;0;0;1;3;0;0;0;1;0;0;2;0;0;0;0;0;0;1;4;1;0;0;0;0;2;0;0;0;2;2;2;2;1;0;2;0;3;0;3;2;0;0;3;0;0;0;0;0;3;0;0;0;0;1;3;2;0;0;0;0;1;3;3;3
Coelenterata;HYDRIDAE;[Fam:HYDRIDAE];Hydra;sp.;;5502;hydrasp ;Hydra sl;;0;0;3;2;1;0;0;0;3;0;3;0;3;3;0;3;0;0;0;2;0;0;0;3;3;1;0;0;0;0;0;0;3;3;0;0;0;0;0;1;0;0;0;0;3;0;0;0;0;0;0;0;3;0;0;0;0;0;0;1;0;3;0;0;4;3;0;0;2;0;0;0;1;1;1;1;0;1;3;0;0;2;2;2;2;0;3;0;0;0;5;0;3;0;0;0;3;0;0;3;0;0;3;1;0;3;3;0;3;0;0;0;0;0;0;0;0;3
Coleoptera;HYDRAENIDAE;HYDRAENINAE;Hydraena;sp. Ad. / Lv.;;5531 / 8843;hynaspad / hyaenasp;Hydraena;;0;3;0;0;0;0;0;1;3;0;3;1;3;0;0;3;0;0;0;0;0;0;3;0;2;1;0;3;0;0;0;0;3;0;0;3;2;0;1;0;3;3;0;0;0;0;0;1;0;3;0;0;0;0;0;0;0;1;3;0;0;0;0;2;2;1;1;0;0;0;1;3;3;3;3;0;0;3;3;1;1;3;3;3;3;3;3;1;1;0;2;1;0;0;0;1;2;3;2;2;3;1;3;0;1;0;3;0;1;3;2;0;1;1;1;2;2;3
Coleoptera;HYDROPHILIDAE;HYDROPHILINAE;Hydrobius;sp. Ad. / Lv.;;9572 / 9024;hybispad / hybiussp;Hydrobius;;0;0;3;1;0;0;0;1;3;0;3;1;3;3;0;2;0;0;0;3;0;0;0;0;0;1;0;3;0;0;0;0;3;1;0;1;3;0;1;0;3;3;0;0;0;0;0;0;0;3;0;0;3;1;0;0;0;3;0;0;0;1;0;0;0;3;3;0;0;0;0;0;0;0;0;0;0;5;3;0;0;3;3;3;3;3;0;0;0;0;3;3;0;3;3;3;0;0;0;0;1;3;3;1;0;0;3;0;0;1;2;0;1;1;1;1;1;2
Coleoptera;HYDROPHILIDAE;HYDROPHILINAE;Hydrochara;sp. Ad. / Lv.;;9596 / 9025;hyraspad / hyharasp;Hydrochara;;0;0;0;3;0;0;0;0;3;0;3;1;3;3;0;2;0;0;0;3;0;0;0;0;0;1;0;3;0;0;0;0;3;1;0;2;3;0;1;0;3;3;0;0;0;0;0;0;0;0;1;0;1;3;0;0;0;3;0;0;0;1;0;0;0;3;3;0;1;0;0;0;0;0;0;0;0;5;3;0;0;3;3;3;3;3;0;0;0;0;3;3;0;3;3;3;0;0;0;0;0;3;3;1;0;0;3;0;0;1;3;0;0;1;1;2;2;3
Coleoptera;HYDROCHIDAE;[Fam:HYDROCHIDAE];Hydrochus;sp. Ad. / Lv.;;12950 / 9026;hychspAd / hychussp;Hydrochus;;0;3;0;0;0;0;0;1;3;0;3;1;1;0;0;2;0;0;0;0;0;0;3;0;0;1;0;3;0;0;0;0;3;0;0;1;3;0;1;0;3;3;0;0;0;0;0;1;0;3;0;0;0;0;0;0;0;1;3;0;0;0;0;0;0;3;3;0;0;0;0;0;0;0;0;0;0;5;3;0;0;3;3;3;3;3;0;0;0;0;2;3;0;3;3;3;0;0;0;0;0;3;3;0;0;0;3;0;0;2;3;1;1;1;3;3;3;3
Coleoptera;SCIRTIDAE;[Fam:SCIRTIDAE];Hydrocyphon;sp. (Ad.) / Lv.;;(14054) / 7185;(hyonspAd) / hyphonsp;Hydrocyphon ;;2;2;0;0;0;0;0;1;3;0;3;0;3;3;0;0;0;0;0;0;0;0;3;0;2;1;0;3;0;0;0;0;3;1;3;0;0;0;0;0;0;5;0;0;0;0;0;1;0;3;0;0;0;0;0;0;0;1;3;0;0;0;0;1;2;1;0;0;0;0;1;2;4;2;0;0;0;0;3;1;0;3;3;3;3;3;2;3;1;0;3;1;0;0;0;0;1;2;1;1;3;0;3;2;0;0;3;0;0;0;0;0;1;1;2;3;3;3
Coleoptera;DYTISCIDAE;HYDROPORINAE;Hydroglyphus;sp. Ad. / Lv.;;11866 / 9027;hyglspAd / hyphussp;Hydroglyphus;;0;3;0;0;0;0;0;1;3;0;1;3;3;3;0;2;0;0;0;3;0;0;0;0;0;1;0;3;0;0;0;0;3;1;0;0;3;0;1;0;3;3;0;0;0;0;0;0;0;0;0;0;2;3;0;0;0;3;0;0;3;0;0;0;0;3;3;0;1;0;0;0;0;0;0;0;0;5;3;0;0;3;3;3;3;3;0;0;0;0;3;0;0;3;3;3;0;0;0;0;1;3;3;1;0;0;3;0;1;3;3;1;0;0;1;1;1;3
Heteroptera;HYDROMETRIDAE;[Fam:HYDROMETRIDAE];Hydrometra;sp.;;8546;hyetrasp;Hydrometra;;0;0;1;3;0;0;0;3;0;0;3;1;0;2;0;2;0;0;1;0;0;3;0;0;1;3;0;1;0;0;0;3;0;0;0;0;3;0;1;4;0;2;0;0;0;0;0;0;0;0;0;3;3;1;0;0;0;0;0;0;3;0;0;0;3;3;1;1;3;0;1;1;1;1;1;1;0;5;3;0;0;1;1;1;2;1;3;0;0;0;4;1;1;0;0;3;3;0;0;1;3;1;3;1;0;0;3;0;0;2;3;0;0;0;1;1;1;3
Coleoptera;HYDROPHILIDAE;HYDROPHILINAE;Hydrophilus;sp. Ad. / Lv.;;9577 / 9031;hyphspad / hyilussp;Hydrophilus;;0;0;0;0;2;3;0;0;3;0;3;1;3;3;0;2;0;0;0;0;3;0;0;0;0;1;0;3;0;0;0;0;3;1;0;2;3;0;1;0;3;3;0;0;0;0;0;0;0;0;1;0;1;3;0;0;0;3;0;0;0;1;0;0;0;3;3;0;1;0;0;0;0;0;0;0;0;5;3;0;0;3;3;3;3;3;0;0;0;0;3;3;0;3;3;3;0;0;0;0;0;3;3;1;0;0;3;0;0;1;3;0;0;0;1;1;1;3
Coleoptera;DYTISCIDAE;HYDROPORINAE;Hydroporus;sp. Ad. / Lv.;;11942 / 5583;hyorspAd / hyorussp;Hydroporus;;0;3;1;0;0;0;0;1;3;0;1;3;3;3;0;2;0;0;0;3;0;0;0;0;0;1;0;3;0;0;0;0;3;1;0;0;3;0;1;0;3;3;0;0;0;0;0;0;0;0;0;0;2;3;0;0;0;3;0;0;3;0;0;0;0;2;2;0;2;0;0;0;0;0;0;0;0;5;3;1;1;3;3;3;3;3;0;1;1;1;3;0;0;3;3;3;1;0;0;1;3;3;3;1;0;0;3;1;3;2;1;0;1;1;2;3;3;3
Trichoptera;HYDROPSYCHIDAE;[Fam:HYDROPSYCHIDAE];Hydropsyche;sp.;;5605;hyychesp;Hydropsyche;;0;0;1;3;1;0;0;3;0;0;2;2;3;3;3;0;0;0;0;3;0;0;0;0;3;2;1;3;0;0;0;0;3;2;3;0;0;0;0;0;0;2;0;0;3;0;0;2;1;3;0;0;3;1;0;0;0;0;0;3;0;1;0;5;3;0;0;0;1;0;1;3;4;5;4;2;0;1;3;2;1;2;2;2;2;2;5;2;1;0;3;0;4;0;0;0;1;3;1;1;3;2;3;0;1;1;3;1;2;3;2;0;0;1;1;2;3;3
Trichoptera;HYDROPTILIDAE;[Fam:HYDROPTILIDAE];Hydroptila;sp.;;5616;hytilasp;Hydroptila;;0;3;1;0;0;0;0;3;0;0;2;3;3;3;3;0;0;0;0;3;0;0;0;0;1;1;2;1;0;0;0;0;3;3;1;0;0;0;0;0;0;3;0;0;1;0;0;2;0;1;4;0;0;0;0;0;1;1;1;0;3;0;0;2;4;1;0;1;5;0;1;2;3;5;3;1;0;4;3;0;0;2;2;2;2;2;2;2;1;0;5;2;1;1;1;1;3;2;0;2;3;1;3;1;1;0;0;0;1;3;2;0;0;0;0;0;0;3
Coleoptera;HYDROSCAPHIDAE;[Fam:HYDROSCAPHIDAE];Hydroscapha;granulatum Ad. / Lv.;MOTSCHULSKY, 1855;?;?;Hydroscapha granulum;;3;0;0;0;0;0;0;0;3;0;3;1;3;3;0;2;0;0;3;0;0;0;0;0;2;1;0;1;0;0;0;0;3;1;3;0;3;0;1;0;3;3;0;0;0;0;0;0;0;0;0;0;0;0;0;0;0;3;0;0;0;0;0;3;3;0;0;0;0;0;0;1;3;3;0;0;0;0;3;0;0;0;0;0;0;3;0;3;3;0;0;1;0;0;0;0;1;3;1;1;3;0;3;0;0;0;3;0;0;0;0;0;0;0;0;0;0;2
Coleoptera;DYTISCIDAE;HYDROPORINAE;Hydrovatus;sp. Ad. / Lv.;;11946 / 9036;hyatspAd / hyatussp;Hydrovatus;;0;3;0;0;0;0;0;1;3;0;1;3;3;3;0;2;0;0;0;3;0;0;0;0;0;1;0;3;0;0;0;0;3;1;0;0;3;0;1;0;3;3;0;0;0;0;0;0;0;0;0;0;2;3;0;0;0;3;0;0;3;0;0;0;0;3;3;0;1;0;0;0;0;0;0;0;0;5;3;0;0;1;1;1;3;3;0;0;0;0;3;0;0;3;3;3;0;0;0;0;1;3;3;0;0;0;3;0;1;3;1;0;0;0;0;0;0;3
Coleoptera;HYGROBIIDAE;[Fam:HYGROBIIDAE];Hygrobia;sp. Ad. / Lv.;;13040 / 9037;hyobspAd / hyobiasp;Hygrobia;;0;0;3;0;0;0;0;0;3;0;1;3;3;3;0;2;0;0;0;3;0;0;0;0;0;1;0;3;0;0;0;0;3;2;2;0;3;0;1;0;3;3;0;0;0;0;0;0;0;0;0;0;3;3;0;0;0;3;0;0;0;3;0;0;0;3;3;0;0;0;0;0;0;0;0;0;0;5;3;0;0;2;2;3;3;3;0;0;0;0;3;0;1;3;3;3;0;0;0;0;0;3;3;0;0;0;3;0;0;3;3;2;0;0;1;1;2;3
Coleoptera;DYTISCIDAE;HYDROPORINAE;Hygrotus;sp. Ad. / Lv.;;11967 / 5632;hygrspAd / hygrotsp;Hygrotus;;0;3;0;0;0;0;0;1;3;0;1;3;3;3;0;2;0;0;0;3;0;0;0;0;0;1;0;3;0;0;0;0;3;1;0;0;3;0;1;0;3;3;0;0;0;0;0;0;0;0;0;0;2;3;0;0;0;3;0;0;3;0;0;0;0;3;3;0;1;0;0;0;0;0;0;0;0;5;3;0;0;3;3;3;3;3;0;0;0;0;3;0;0;3;3;3;0;0;0;0;1;3;3;1;0;0;3;0;1;2;2;0;1;1;1;1;3;3
Trichoptera;RHYACOPHILIDAE;[Fam:RHYACOPHILIDAE];Rhyacophila (Hyperrhyacophila);sp.;;13962;RhyaHrsp;Hyperrhyacophila;;0;0;0;2;2;0;0;1;1;1;1;0;3;3;3;0;0;0;3;0;0;0;0;0;2;1;1;2;0;0;0;0;3;2;2;0;0;0;0;0;2;3;0;0;1;0;0;0;1;1;0;0;0;5;0;0;0;0;0;0;0;3;0;3;2;0;0;0;0;0;1;3;2;2;0;0;0;0;2;2;2;2;2;2;1;1;5;0;0;0;0;0;2;0;0;0;1;3;2;3;0;0;3;0;1;0;3;1;3;2;0;0;0;0;0;0;0;0
Coleoptera;DYTISCIDAE;HYDROPORINAE;Hyphydrus;sp. Ad. / Lv.;;11974 / 9040;HyydspAd / Hyphsp. ;Hyphydrus;;0;3;0;0;0;0;0;1;3;0;1;3;3;3;0;2;0;0;0;3;0;0;0;0;0;1;0;3;0;0;0;0;3;1;0;0;3;0;1;0;3;3;0;0;0;0;0;0;0;0;0;0;2;3;0;0;0;3;0;0;3;0;0;0;0;3;3;0;1;0;0;0;0;0;0;0;0;5;3;0;0;3;3;3;3;3;0;0;0;0;3;0;0;3;3;3;0;0;0;0;1;3;3;0;0;0;3;0;0;2;3;0;0;0;1;1;1;3
Trichoptera;RHYACOPHILIDAE;[Fam:RHYACOPHILIDAE];Rhyacophila (Hyporhyacophila);sp.;;13963;RhyaHosp;Hyporhyacophila;;0;0;2;2;0;0;0;0;3;3;0;0;3;3;3;0;0;0;3;0;0;0;0;0;3;2;1;2;0;0;0;0;3;3;0;0;0;0;0;0;2;3;0;0;1;0;0;0;1;1;0;1;0;5;0;0;0;2;0;0;0;1;0;3;2;0;0;1;0;0;4;5;2;1;1;0;0;1;2;2;2;2;2;2;1;2;5;0;0;0;3;0;2;0;0;0;1;3;3;3;0;0;3;0;2;0;1;3;2;2;0;0;0;0;0;0;0;0
Coleoptera;DYTISCIDAE;COLYMBETINAE;Ilybius;sp. Ad. / Lv.;;11733 / 5650;IlybspAd / Ilybsp. ;Ilybius;;0;0;2;3;0;0;0;0;3;0;3;1;3;3;0;2;0;0;0;0;0;3;0;0;0;1;0;3;0;0;0;0;3;1;0;0;3;0;1;0;3;3;0;0;0;0;0;0;0;0;0;0;1;3;1;0;0;3;0;0;3;0;0;0;1;2;2;0;1;0;0;0;0;0;0;0;0;5;3;1;0;3;3;3;3;3;0;0;0;0;3;0;0;3;3;3;0;0;0;0;1;3;3;0;0;0;3;0;1;3;3;1;1;1;2;2;2;3
Heteroptera;NAUCORIDAE;NAUCORINAE;Ilyocoris;cimicoides cimicoides;LINNAEUS, 1758;5652;Ilyocimi;Ilyocoris cimicoides;;0;0;0;3;0;0;0;3;0;0;2;0;3;3;0;2;0;0;0;0;0;3;0;0;0;3;0;3;0;0;0;1;0;0;0;3;3;0;0;2;3;3;0;0;0;0;0;0;0;0;0;0;3;3;0;0;0;0;0;0;3;0;0;0;1;3;2;0;2;0;0;1;1;1;0;0;0;3;3;0;0;1;1;1;1;1;0;0;0;0;4;0;0;0;1;3;2;0;0;1;2;2;3;1;0;0;3;0;1;2;2;0;1;1;1;3;3;3
Trichoptera;LIMNEPHILIDAE;DICOSMOECINAE;Ironoquia;dubia;STEPHENS, 1837;5657;Irondubi;Ironoquia dubia;;0;0;0;3;0;0;0;3;0;0;3;0;3;3;1;0;0;0;0;1;0;0;0;0;0;1;0;1;0;0;0;0;0;2;3;0;0;0;0;0;0;5;0;0;0;0;0;0;5;0;0;0;0;0;0;0;0;3;0;0;0;0;0;0;1;1;0;3;1;0;0;3;4;1;0;0;0;1;2;0;0;0;1;3;1;0;0;0;0;0;2;0;0;2;0;1;2;1;0;0;1;1;3;0;0;0;3;0;1;2;1;0;0;0;2;1;1;2
Odonata;COENAGRIONIDAE;ISCHNURINAE;Ischnura;sp.;;9045;Ischsp. ;Ischnura;;0;0;0;3;0;0;0;3;0;0;2;2;2;3;0;0;0;0;0;0;0;3;0;0;1;1;0;3;0;0;0;2;2;1;3;0;0;0;0;0;0;5;0;0;0;0;0;0;0;0;0;0;1;4;0;0;0;0;0;0;0;3;0;0;1;2;2;1;2;0;0;0;0;1;3;3;0;4;2;2;1;2;2;2;2;2;2;0;0;0;5;0;2;2;1;3;1;0;0;0;3;0;3;2;0;0;3;0;1;3;1;0;1;1;1;3;3;3
Plecoptera;PERLODIDAE;[Fam:PERLODIDAE];Isogenus;nubecula;NEWMAN, 1833;5660;Isognube;Isogenus nubecula;;0;0;0;3;1;0;0;0;3;3;0;0;3;3;0;0;0;0;3;0;0;0;0;0;1;2;0;1;0;0;0;0;3;3;0;0;0;0;0;0;0;5;0;0;0;0;0;1;0;0;1;0;0;4;0;0;0;1;0;0;0;2;0;3;0;0;0;0;1;0;0;0;2;1;1;1;0;1;3;0;0;0;0;3;3;0;3;2;2;0;2;0;1;0;1;0;1;3;0;1;1;0;3;0;0;0;3;1;3;0;0;0;0;0;0;1;3;3
Plecoptera;PERLODIDAE;[Fam:PERLODIDAE];Isoperla;sp.;;5673;Isopsp. ;Isoperla;;0;0;1;3;0;0;0;1;3;2;3;0;3;3;0;0;0;0;1;2;0;0;0;0;2;2;0;2;2;0;0;1;1;3;0;0;0;0;0;0;0;4;0;1;0;0;0;0;0;2;0;0;1;4;0;0;0;3;1;0;0;1;0;4;2;1;0;1;1;0;2;4;4;4;1;1;0;2;2;2;1;3;3;3;2;0;3;2;2;0;3;0;1;2;0;0;1;3;2;3;2;0;3;0;2;0;1;2;3;1;0;0;0;0;0;1;3;3
Trichoptera;HYDROPTILIDAE;[Fam:HYDROPTILIDAE];Ithytrichia;sp.;;9050;Ithysp. ;Ithytrichia;;0;3;0;0;0;0;0;3;0;0;3;0;3;3;3;0;0;0;0;3;0;0;0;0;1;1;2;1;0;0;0;0;3;2;2;0;0;0;0;0;0;3;0;0;1;0;0;2;0;4;1;0;0;0;0;0;1;1;3;0;0;0;0;2;2;0;0;0;1;0;0;1;2;5;1;1;0;2;3;0;0;3;2;2;2;2;4;1;1;0;5;0;1;0;0;0;2;3;2;3;1;0;3;0;0;0;0;1;3;1;0;0;0;0;0;2;3;3
Coleoptera;HYDROPHILIDAE;HYDROPHILINAE;Laccobius;sp. Ad. / Lv.;;9586 / 5701;lausspad / labiussp;Laccobius;;0;3;0;0;0;0;0;1;3;0;3;1;3;3;0;2;0;0;0;3;0;0;0;0;1;1;0;3;0;0;0;0;3;1;0;1;3;0;1;0;3;3;0;0;0;0;0;0;0;3;0;0;3;1;0;0;0;3;0;0;0;1;0;0;0;3;3;0;0;0;0;0;0;0;0;0;0;5;3;0;0;3;3;3;3;3;0;0;0;1;3;3;0;3;3;3;1;0;0;0;1;3;3;1;0;0;3;0;1;3;3;1;0;0;1;1;1;3
Coleoptera;DYTISCIDAE;LACCOPHILINAE;Laccophilus;sp. Ad. / Lv.;;12053 / 5706;lailusAd / lailussp;Laccophilus;;0;3;0;0;0;0;0;0;3;0;3;1;3;3;0;2;0;0;0;3;0;0;0;0;1;1;0;3;0;0;0;0;3;1;0;0;3;0;1;0;3;3;0;0;0;0;0;0;0;0;0;0;2;3;0;0;0;3;0;0;3;0;0;0;1;3;1;1;1;0;0;0;0;0;0;0;0;5;3;0;0;3;3;3;3;3;0;0;0;1;4;0;0;1;2;3;1;0;0;0;3;3;3;1;0;0;3;0;1;3;3;0;0;0;1;2;3;3
Coleoptera;DYTISCIDAE;LACCORNINAE;Laccornis;oblongus Ad. / Lv.;STEPHENS, 1835;12056 / 5709;LacoblAd / Laccoblo;Laccornis oblongus;;0;3;0;0;0;0;0;1;3;0;1;3;3;3;0;2;0;0;0;3;0;0;0;0;0;1;0;3;0;0;0;0;3;1;0;0;3;0;1;0;3;3;0;0;0;0;0;0;0;0;0;0;2;3;0;0;0;3;0;0;3;0;0;0;0;1;3;0;1;0;0;0;0;0;0;0;0;5;3;0;0;0;0;0;3;0;0;0;0;0;3;0;0;3;3;3;0;0;0;0;0;3;3;0;0;0;3;0;1;2;1;0;0;0;0;1;2;2
Trichoptera;LEPIDOSTOMATIDAE;[Fam:LEPIDOSTOMATIDAE];Lasiocephala;basalis;KOLENATI, 1848;5713;Lasibasa;Lasiocephala basalis;;0;0;0;3;0;0;0;3;0;0;3;0;3;3;3;0;0;0;0;3;0;0;0;0;1;1;1;1;0;0;0;0;0;2;2;0;0;0;0;0;0;5;0;0;0;0;0;0;5;0;0;0;0;0;0;0;0;3;0;0;0;0;0;0;3;0;0;0;0;0;0;2;2;2;1;1;0;0;3;0;0;2;2;2;2;2;1;1;3;0;0;0;2;1;0;1;1;3;0;3;1;0;3;0;0;0;1;0;1;2;0;0;0;0;0;0;0;3
Trichoptera;LEPIDOSTOMATIDAE;[Fam:LEPIDOSTOMATIDAE];Lepidostoma;hirtum;FABRICIUS, 1775;5723;Lepihirt;Lepidostoma hirtum;;0;0;3;1;0;0;0;3;1;0;3;1;3;3;3;0;0;0;0;3;0;0;0;0;1;1;1;2;0;0;0;0;3;2;2;0;0;0;0;0;0;5;0;0;0;0;0;0;4;1;0;0;0;0;0;0;0;3;1;0;0;0;0;2;1;0;0;0;2;0;1;3;3;1;1;1;1;2;3;1;0;2;2;2;2;2;2;1;1;0;3;0;2;0;0;1;3;1;1;3;2;0;3;1;0;0;1;0;1;2;0;0;0;0;0;2;3;2
Crustacea;TRIOPSIDAE;[Fam:TRIOPSIDAE];Lepidurus;apus;LINNAEUS, 1758;8794;Lepiapus;Lepidurus apus;;0;0;0;0;0;0;3;3;0;0;0;3;2;3;0;3;1;0;0;3;0;0;0;0;0;0;3;0;3;0;0;0;0;1;3;0;0;0;0;0;2;3;1;0;0;0;0;3;3;1;0;0;1;0;0;0;3;0;0;0;0;1;0;0;0;0;0;2;0;0;0;0;0;0;0;0;0;3;3;0;0;0;0;0;3;3;0;0;0;2;0;0;0;2;3;3;0;0;0;0;0;3;3;0;0;2;3;1;1;1;1;1;0;0;0;0;1;3
Trichoptera;LEPTOCERIDAE;[Fam:LEPTOCERIDAE];Leptocerus;sp.;;9060;leptocsp;Leptocerus;;0;0;3;0;0;0;0;3;0;0;3;0;3;3;3;0;0;0;0;3;0;0;0;0;1;1;1;2;0;0;0;0;3;3;1;0;0;0;0;0;1;3;0;0;0;0;0;2;0;1;3;0;0;1;0;0;1;3;1;0;0;0;0;1;2;2;0;0;3;0;0;1;1;2;3;5;0;5;3;0;0;2;2;2;2;2;2;0;0;0;5;1;2;1;0;1;3;1;0;2;3;1;3;1;0;1;3;0;1;3;3;0;0;0;0;0;1;3
Diptera;CERATOPOGONIDAE;[Fam:CERATOPOGONIDAE];Leptoconopinae;Gen. sp.;;?;?;Leptoconopinae;;0;3;0;0;0;0;0;3;0;0;2;1;0;3;2;0;0;0;0;3;0;0;0;0;0;0;0;2;0;0;0;0;3;0;3;0;0;0;0;1;0;3;1;0;0;0;0;0;1;3;0;0;0;0;0;0;0;1;1;0;0;0;0;0;2;1;1;0;0;0;0;0;0;0;1;1;3;1;3;0;0;2;1;0;3;3;0;1;2;1;2;1;3;0;2;3;1;0;0;1;2;1;1;1;0;1;2;0;0;0;0;0;0;0;0;0;0;3
Ephemeroptera;LEPTOPHLEBIIDAE;LEPTOPHLEBIINAE;Leptophlebia;sp.;;5731;leptopsp;Leptophlebia;;0;0;3;1;0;0;0;3;0;0;3;0;3;3;0;0;0;1;3;0;0;0;0;0;2;1;1;3;0;0;0;0;3;1;3;0;0;0;0;0;2;4;0;1;0;0;1;3;1;2;0;0;0;0;0;0;3;1;0;0;0;0;0;1;3;1;1;3;1;0;0;0;2;3;2;0;0;2;3;1;0;0;2;3;3;0;2;1;1;0;3;0;2;3;0;3;2;0;0;1;3;0;3;0;0;0;3;0;1;3;1;0;1;1;1;3;3;3
Odonata;LESTIDAE;LESTINAE;Lestes;sp.;;5736;Lestsp. ;Lestes;;0;0;0;1;3;0;0;1;0;0;3;1;1;3;0;0;0;0;0;0;0;3;3;0;0;1;0;3;3;0;0;0;1;1;2;0;0;0;0;0;1;4;0;0;0;0;0;0;0;0;0;0;2;4;0;0;0;0;0;0;0;3;0;0;2;3;3;0;2;0;0;1;2;2;1;0;0;2;2;1;0;2;2;2;2;2;0;0;0;0;4;0;0;1;0;3;1;0;0;1;3;0;3;2;0;0;3;0;0;3;0;0;1;1;1;3;3;2
Odonata;LIBELLULIDAE;LEUCORRHINIINAE;Leucorrhinia;dubia;VAN DER LINDEN, 1825;7451;Leucdubi;Leucorrhinia dubia;;0;0;0;2;3;0;0;0;3;3;0;0;3;3;0;0;0;3;0;0;0;0;0;0;0;0;0;3;0;0;0;0;1;1;3;0;0;0;0;0;2;4;0;0;0;0;0;0;0;0;0;0;0;5;0;0;0;0;0;0;0;3;0;0;0;2;3;2;1;0;0;0;0;0;0;0;0;5;3;2;1;1;2;2;0;0;0;0;0;0;3;0;0;0;0;3;0;0;0;3;0;0;3;0;0;0;3;0;3;0;0;0;3;3;2;1;1;1
Plecoptera;LEUCTRIDAE;[Fam:LEUCTRIDAE];Leuctra;sp.;;5790;leuctrsp;Leuctra;;0;0;3;1;0;0;0;3;1;1;3;0;3;3;0;0;0;0;3;0;0;0;0;0;2;2;0;1;1;0;0;0;3;3;0;0;0;0;0;0;0;5;2;1;0;0;0;1;1;2;2;1;0;0;0;0;1;3;1;0;0;0;0;5;3;1;0;0;1;1;2;4;5;4;3;0;0;1;3;2;1;2;3;2;2;1;4;3;2;2;4;0;4;2;0;1;2;2;2;3;1;0;3;0;2;0;3;2;3;2;0;0;1;1;2;3;3;3
Odonata;LIBELLULIDAE;LIBELLULINAE;Libellula;sp.;;9066;Libesp. ;Libellula;;0;0;0;0;3;0;0;1;3;3;1;0;3;3;0;0;0;2;3;0;0;0;0;0;0;1;0;3;0;0;0;0;1;1;3;0;0;0;0;0;2;4;1;0;0;0;0;0;0;0;0;0;0;5;0;0;0;0;0;0;0;3;0;0;2;2;2;1;2;0;1;1;1;1;0;0;0;4;3;3;1;2;2;2;2;2;0;0;2;3;2;0;0;3;2;3;2;0;0;1;1;1;3;0;0;0;3;0;0;3;2;0;3;3;3;2;2;2
Coleoptera;HYDRAENIDAE;LIMNEBIINAE;Limnebius;sp. Ad. / Lv.;;5807 / 14433;liusspad / liussplv;Limnebius;;0;3;0;0;0;0;0;1;3;0;3;1;3;0;0;2;0;0;0;0;0;0;3;0;2;1;0;3;0;0;0;0;3;0;0;2;3;0;1;0;3;3;0;0;0;0;0;1;0;3;0;0;0;0;0;0;0;1;3;0;0;0;0;1;2;1;1;1;0;0;2;3;3;3;0;0;0;0;3;1;0;3;3;3;3;3;2;2;1;0;2;2;0;0;0;1;2;2;1;1;3;1;3;1;0;0;3;0;3;1;0;0;0;0;0;1;2;3
Coleoptera;ELMIDAE;ELMINAE;Limnius;sp. Ad. / Lv.;;12093 / 5853;limnspAd / limniusp;Limnius;;0;3;0;0;0;0;0;1;3;0;3;0;3;3;0;2;0;0;0;3;0;0;0;0;2;1;0;2;0;0;0;0;3;1;3;3;0;0;1;0;0;4;0;1;0;0;0;1;0;3;0;0;0;0;0;0;0;1;3;0;0;0;0;3;3;0;0;0;0;0;1;3;3;3;1;0;0;0;3;1;0;3;3;3;3;3;2;3;3;1;3;0;0;0;0;0;3;3;2;3;2;0;3;0;1;0;3;0;3;3;0;0;0;1;1;2;3;3
Coleoptera;HYDROPHILIDAE;HYDROPHILINAE;Limnoxenus;niger Ad. / Lv.;ZSCHACH, 1788;9594 / 7527;lixeniad / Limnnige;Limnoxenus niger;;0;0;3;0;0;0;0;1;3;0;3;1;3;3;0;2;0;0;0;3;0;0;0;0;0;1;0;3;0;0;0;0;3;1;0;1;3;0;1;0;3;3;0;0;0;0;0;0;0;3;0;0;3;1;0;0;0;3;0;0;0;1;0;0;0;3;3;0;0;0;0;0;0;0;0;0;0;5;3;0;0;3;3;3;3;3;0;0;0;0;3;3;0;3;3;3;0;0;0;0;0;3;3;1;0;0;3;0;0;1;2;0;0;0;0;0;0;3
Diptera;LIMONIIDAE;LIMONIINAE;Limoniini;Gen. sp.;;?;?;Limoniini;;0;0;2;3;0;0;0;1;0;0;3;1;2;1;0;0;0;1;0;1;0;0;0;0;0;1;2;1;0;0;0;0;2;1;0;0;3;0;0;0;0;2;3;0;0;0;0;0;3;0;2;0;0;1;0;0;1;3;0;0;0;1;0;0;2;2;2;0;1;0;1;1;1;1;1;1;1;0;3;0;0;2;2;2;2;2;4;2;2;1;3;0;1;3;1;1;1;2;2;1;3;0;3;1;0;1;2;0;1;3;2;0;0;0;2;2;1;1
Diptera;BLEPHARICERIDAE;BLEPHARICERINAE-Tribus Blepharicerini;Liponeura;sp.;;5891;Liposp. ;Liponeura;;0;0;3;0;0;0;0;3;0;0;3;2;2;3;2;0;0;0;0;3;0;0;0;0;2;1;0;1;2;0;0;3;0;1;3;0;0;0;0;0;0;2;0;0;2;2;0;0;0;5;0;0;0;0;0;0;0;0;3;0;0;0;0;5;0;0;0;0;0;0;0;2;2;2;0;0;0;0;2;2;1;2;2;2;0;2;5;0;0;0;0;0;0;0;0;0;0;0;3;3;0;0;3;0;2;1;3;3;2;0;0;0;0;0;0;0;0;0
Trichoptera;GOERIDAE;[Fam:GOERIDAE];Lithax;sp.;;5895;lithaxsp;Lithax;;0;0;3;1;0;0;0;1;0;0;0;0;3;3;3;0;0;0;0;1;0;0;0;0;1;1;1;2;0;0;0;0;0;2;3;0;0;0;0;0;0;5;0;0;0;0;0;1;2;4;0;0;0;0;0;0;0;2;3;0;0;0;0;2;2;0;0;0;0;0;2;3;1;0;0;0;0;0;1;2;2;0;2;2;2;0;3;2;2;0;0;0;0;0;0;0;0;3;1;3;1;0;3;0;2;0;0;3;2;0;0;0;0;0;0;2;3;3
Gastropoda;HYDROBIIDAE;LITHOGLYPHINAE;Lithoglyphus;naticoides;C. PFEIFFER, 1828;5896;Lithnati;Lithoglyphus naticoides;;0;0;3;0;0;0;0;1;3;0;3;0;3;0;0;3;0;0;3;0;0;0;0;0;3;1;0;0;0;0;0;1;1;1;3;0;0;0;0;0;0;3;1;0;0;0;0;0;3;2;3;1;0;0;0;0;0;1;3;1;0;0;0;2;2;4;0;0;0;0;0;0;1;1;1;0;0;3;3;0;0;0;0;1;2;0;4;0;0;0;0;0;2;0;2;3;3;1;0;0;1;3;3;1;0;0;3;0;0;3;1;0;0;0;0;0;0;3
Bryozoa;LOPHOPODIDAE;[Fam:LOPHOPODIDAE];Lophopus;crystallinus;PALLAS, 1768;5897;Lophcrys;Lophopus crystallinus;;0;0;0;0;3;1;0;3;0;3;0;0;3;3;0;3;3;0;0;0;0;0;0;3;3;1;0;0;3;0;0;0;0;3;0;0;0;0;0;0;1;0;0;0;0;3;0;1;0;3;0;0;3;0;0;0;0;0;0;3;0;0;0;0;1;2;0;0;0;0;0;0;0;0;0;0;0;5;3;1;0;3;1;1;3;0;3;0;0;0;3;0;2;2;0;3;3;2;1;3;0;0;3;0;2;0;2;0;0;3;0;0;0;0;0;0;0;3
Gastropoda;LYMNAEIDAE;[Fam:LYMNAEIDAE];Lymnaea;stagnalis;LINNAEUS, 1758;5916;Lymnstag;Lymnaea stagnalis;;0;0;0;0;3;3;0;3;2;1;3;0;3;0;0;2;0;0;0;3;1;0;0;0;2;2;0;0;0;0;0;2;0;3;0;0;0;0;0;1;0;3;0;0;0;0;0;1;2;3;0;3;0;2;0;0;0;1;3;0;0;2;0;0;3;5;1;1;2;0;1;2;2;3;3;1;0;5;3;2;1;3;3;3;3;3;1;2;1;1;5;1;0;2;3;3;3;1;0;1;3;2;3;3;0;2;3;0;1;3;0;0;0;0;0;1;2;3
Trichoptera;PSYCHOMYIIDAE;[Fam:PSYCHOMYIIDAE];Lype;sp.;;8847;Lypesp. ;Lype;;0;0;3;1;0;0;0;3;0;0;0;3;3;3;3;0;0;0;0;3;0;0;0;0;1;1;1;1;0;0;0;0;3;3;0;0;0;0;0;0;0;2;0;0;3;1;0;2;3;1;0;0;1;0;0;0;0;0;3;1;0;0;0;0;3;1;0;0;1;0;2;2;2;2;1;0;1;1;3;1;0;2;2;3;2;2;4;0;0;0;0;0;3;0;0;1;3;1;0;0;2;2;3;1;0;0;3;0;1;3;1;0;1;1;1;1;2;3
Odonata;CORDULIIDAE;MACROMIINAE;Marcromia;splendens;PICTET, 1843;11189;Macrsple;Macromia spendens;;0;0;0;0;3;0;0;0;3;3;0;0;3;3;0;0;0;3;0;0;0;0;0;0;1;1;0;3;0;0;0;0;1;1;3;0;0;0;0;0;0;3;2;0;0;0;0;0;0;0;0;0;1;4;0;0;0;0;0;0;0;3;0;0;3;0;0;0;0;0;0;0;0;1;1;1;0;0;3;0;0;3;0;0;0;1;0;0;3;0;0;0;0;0;3;1;3;0;0;1;3;0;3;0;0;0;3;0;0;1;3;0;0;0;2;3;2;2
Coleoptera;ELMIDAE;ELMINAE;Macronychus;quadrituberculatus Ad. / Lv.;MÜLLER, 1806;12097 / 5926;MacrquAd / Macrqulv;Macronychus quadrituberculatus;;0;3;0;0;0;0;0;1;3;0;3;0;3;3;0;2;0;0;0;3;0;0;0;0;1;1;0;2;0;0;0;0;3;1;3;3;0;0;1;0;0;4;1;1;0;0;0;1;0;3;0;0;0;0;0;0;0;1;3;0;0;0;0;3;3;0;0;0;0;0;1;1;1;3;3;1;0;0;3;1;0;3;3;3;3;3;3;1;1;0;2;0;0;0;0;0;3;3;3;2;2;0;3;0;0;0;3;0;1;3;1;0;0;0;0;0;1;3
Coleoptera;CHRYSOMELIDAE;DONACIINAE;Macroplea;appendiculata Ad. / Lv.;PANZER, 1794;11147 / 11148;MacappAd / MacappLv;Macroplea appenduculata;;0;0;0;3;0;0;0;1;3;0;3;0;3;3;3;2;0;0;0;3;0;0;0;0;0;1;0;3;0;3;0;0;0;1;0;3;3;0;1;0;0;3;3;0;3;0;0;0;0;3;3;0;0;0;0;0;0;3;1;0;0;0;0;0;5;0;0;0;0;0;0;0;0;1;1;1;0;3;3;0;0;3;3;3;3;3;0;0;0;1;4;1;0;0;0;1;3;0;0;0;0;3;3;0;0;0;3;0;0;0;0;0;0;0;0;0;0;2
Bivalvia;MARGARITIFERIDAE;[Fam:MARGARITIFERIDAE];Margaritifera;margaritifera;LINNAEUS, 1758;5943;Margmarg;Margaritifera  margaritifera;;0;0;0;0;0;0;3;0;3;0;3;0;3;3;0;3;3;0;0;0;0;0;0;0;3;1;0;0;0;0;0;0;3;1;3;0;0;0;0;0;0;0;3;0;1;0;0;3;2;2;0;0;0;0;3;0;0;0;0;0;3;0;3;3;0;0;0;0;0;0;0;0;0;0;2;2;0;0;3;0;0;1;0;2;0;0;0;2;4;0;0;0;0;0;0;0;0;3;0;3;0;0;3;0;2;0;2;1;3;0;0;0;0;0;0;0;1;3
Plecoptera;PERLIDAE;[Fam:PERLIDAE];Marthamea;sp.;;13621;Martsp. ;Marthamea;;0;0;0;3;1;0;0;0;3;3;0;0;3;3;0;0;0;0;3;0;0;0;0;0;1;2;0;1;0;0;0;0;3;3;0;0;0;0;0;0;0;5;0;0;0;0;0;1;0;0;0;0;0;3;0;0;0;3;0;0;0;1;0;4;0;0;0;0;1;0;0;0;0;0;2;1;0;1;2;3;2;1;0;2;2;0;2;1;1;0;1;0;0;0;0;0;0;3;0;3;0;0;3;0;1;1;3;0;3;0;0;0;0;0;0;0;1;3
Coleoptera;DYTISCIDAE;COLYMBETINAE;Meladema;coriacea Ad. / Lv.;CASTELNAU, 1834;11629 / 11630;MelcorAd / MelcorLv;Meladema coriacea;;0;0;0;0;3;0;0;0;3;0;3;0;3;3;0;2;0;0;0;3;0;0;0;0;1;1;0;3;0;0;0;0;3;1;0;0;3;0;1;0;3;3;0;0;0;0;0;0;0;0;0;0;1;3;1;0;0;3;0;0;3;0;0;0;3;1;0;2;0;0;0;0;2;2;0;0;0;4;3;0;0;0;0;0;0;3;0;1;1;0;3;0;0;1;0;3;1;0;0;1;3;0;3;0;0;0;3;0;0;0;0;0;0;0;1;1;1;3
Trichoptera;LIMNEPHILIDAE;LIMNEPHILINAE;Melampophylax;sp.;;9083;melampsp;Melampophylax;;0;0;0;3;2;0;0;1;0;0;3;0;3;3;3;0;0;0;0;1;0;0;0;0;0;2;0;2;0;0;0;0;3;3;2;0;0;0;0;0;0;5;0;0;0;0;0;0;3;2;3;0;0;0;0;0;0;3;0;0;0;0;0;0;2;0;0;0;1;0;4;3;2;2;1;1;0;1;2;3;2;2;3;2;1;0;4;2;0;0;0;0;0;3;2;3;3;2;2;0;0;0;3;0;3;0;0;2;3;1;0;0;0;0;0;0;1;3
Nematoda;MERMITHIDAE;[Fam:MERMITHIDAE];Mermithidae;Gen. sp.;;9249;MermGen.;Mermithidae;;0;0;0;3;0;0;0;1;1;0;3;0;3;1;0;2;0;0;0;3;0;0;0;0;2;1;1;0;0;0;0;0;3;3;0;0;0;0;0;0;1;2;0;0;2;0;0;0;0;0;0;0;0;5;0;0;0;0;0;0;0;0;3;1;3;0;0;0;0;0;0;1;1;1;1;0;0;0;3;1;0;1;1;1;1;1;2;0;0;0;3;0;0;0;2;1;1;1;0;1;1;1;3;0;1;1;1;0;0;0;0;0;0;0;0;0;0;0
Trichoptera;LIMNEPHILIDAE;LIMNEPHILINAE;Mesophylax;sp.;;5964;mesophsp;Mesophylax;;0;0;0;3;2;0;0;1;0;0;3;0;3;3;3;0;0;0;0;1;0;0;0;0;0;2;0;3;0;0;0;2;2;2;2;0;0;0;0;0;0;5;0;0;0;0;0;0;3;0;3;0;0;0;0;0;0;3;0;0;0;0;0;2;0;0;0;2;1;0;1;2;2;1;0;0;0;3;3;1;0;2;2;2;2;0;2;2;0;0;2;0;0;0;0;1;3;2;2;0;0;0;3;0;0;0;0;1;3;3;0;0;0;0;1;3;3;3
Heteroptera;MESOVELIIDAE;MESOVELIINAE;Mesovelia;sp.;;9086;mesovesp;Mesovelia;;0;3;0;0;0;0;0;3;0;0;0;3;1;2;0;2;0;0;1;0;0;3;0;0;0;2;0;1;3;0;0;1;0;0;0;0;3;0;1;4;0;1;0;0;0;0;0;0;0;0;0;1;5;2;0;0;0;0;0;0;3;0;0;0;1;3;0;0;0;0;0;1;1;0;0;0;0;4;3;0;0;1;1;1;1;2;2;0;0;0;4;0;1;0;1;3;1;0;0;1;2;1;3;2;0;0;3;0;1;2;1;0;0;0;1;1;1;3
Trichoptera;PSYCHOMYIIDAE;[Fam:PSYCHOMYIIDAE];Psychomyia;fragilis;PICTET, 1834;5969;Psycfrag;Metalype fragilis;;0;0;3;0;0;0;0;3;0;0;0;3;3;3;3;0;0;0;0;3;0;0;0;0;1;1;1;1;0;0;0;0;3;3;0;0;0;0;0;0;0;2;0;0;3;0;0;1;0;3;0;0;0;0;0;0;0;0;3;2;0;0;0;1;2;0;0;0;2;0;2;2;2;4;1;0;0;1;3;0;0;3;3;3;1;0;3;0;0;0;0;0;2;0;0;1;3;1;0;0;1;1;3;0;0;0;3;0;0;1;1;0;0;0;0;0;0;0
Trichoptera;LIMNEPHILIDAE;DRUSINAE;Metanoea;sp.;;?;?;Metanoea;;0;0;1;3;0;0;0;1;0;0;0;0;3;3;3;0;0;0;0;3;0;0;1;0;0;2;0;2;0;0;0;0;0;2;2;0;0;0;0;0;0;5;0;0;0;0;0;0;0;3;2;0;0;0;0;0;0;2;3;0;0;0;0;2;0;0;0;0;0;0;0;3;2;2;0;0;0;0;1;3;1;0;3;0;0;0;3;2;2;0;0;0;0;0;0;0;0;1;3;2;0;0;3;0;2;0;1;2;3;0;0;0;0;0;1;3;3;3
Coleoptera;DYTISCIDAE;HYDROPORINAE;Metaporus;meridionalis Ad. / Lv.;AUBÉ, 1836;11975 / 11976;MetmerAd / MetmerLv;Metaporus meridionalis;;0;3;0;0;0;0;0;1;3;0;1;3;3;3;0;2;0;0;0;3;0;0;0;0;0;1;0;3;0;0;0;0;3;1;0;0;3;0;1;0;3;3;0;0;0;0;0;0;0;0;0;0;2;3;0;0;0;3;0;0;3;0;0;0;0;2;2;0;0;0;0;0;0;0;0;0;0;5;3;0;0;0;0;0;0;3;0;0;0;0;3;0;0;3;3;3;0;0;0;0;0;3;3;0;0;0;3;0;0;0;0;0;0;0;0;0;0;3
Trichoptera;RHYACOPHILIDAE;[Fam:RHYACOPHILIDAE];Rhyacophila (Metarhyacophila);sp.;;13964;RhyaMesp;Metarhyacophila;;0;0;2;2;0;0;0;0;0;0;0;0;3;3;3;0;0;0;3;0;0;0;0;0;3;2;1;2;0;0;0;0;3;2;2;0;0;0;0;0;2;3;0;0;1;0;0;0;1;1;0;0;0;5;0;0;0;0;0;0;0;3;0;0;5;0;0;0;0;0;3;1;2;2;0;0;0;0;0;3;0;0;3;0;0;0;5;0;0;0;0;0;2;0;0;0;1;3;1;3;0;0;3;0;1;0;0;2;1;0;0;0;0;0;0;0;0;0
Ephemeroptera;AMELETIDAE;[Fam:AMELETIDAE];Metreletus;balcanicus;ULMER, 1920;5972;Metrbalc;Metreletus balcanicus;;0;0;0;3;0;0;0;3;0;0;3;0;3;3;0;0;0;1;3;0;0;0;0;0;1;3;1;2;2;0;0;0;2;1;2;0;0;0;0;0;5;0;0;0;0;0;0;1;1;1;0;0;0;0;0;0;1;1;1;0;0;0;0;2;2;0;0;0;0;0;1;1;1;0;0;0;0;0;3;0;0;0;0;2;2;0;1;0;1;1;0;0;0;1;1;1;3;1;0;0;1;1;3;0;0;0;2;0;0;0;0;0;0;0;0;1;1;3
Trichoptera;BRACHYCENTRIDAE;[Fam:BRACHYCENTRIDAE];Micrasema;sp.;;5986;micrassp;Micrasema;;0;1;3;0;0;0;0;2;1;1;2;0;3;3;3;0;0;0;0;2;0;0;0;0;0;1;1;2;0;0;0;0;3;3;2;0;0;0;0;0;0;3;0;0;1;0;0;1;2;2;3;0;1;0;0;0;1;3;2;2;0;0;0;2;2;1;1;0;0;0;2;2;2;4;3;1;0;1;3;1;1;2;2;2;1;1;4;1;0;0;4;0;0;1;0;0;1;3;2;3;1;0;3;0;3;0;3;1;3;2;0;0;0;1;1;2;2;3
Coleoptera;SCIRTIDAE;[Fam:SCIRTIDAE];Microcara;sp. (Ad.) / Lv.;;(14055) / 14056;(MiccspAd) / MiccspLv;Microcara;;0;0;3;0;0;0;0;1;3;0;3;0;3;3;0;0;0;0;0;0;0;0;3;0;0;1;0;3;0;0;0;0;3;1;3;0;0;0;0;0;0;5;0;0;0;0;0;1;0;3;0;0;0;0;0;0;0;1;3;0;0;0;0;0;0;2;2;0;0;0;0;0;0;0;0;0;0;5;3;0;0;3;3;3;3;3;0;0;0;0;3;1;0;3;3;3;0;0;0;0;0;3;3;0;0;0;3;0;0;0;0;0;0;0;0;1;3;3
Heteroptera;CORIXIDAE;MICRONECTINAE;Micronecta;sp.;;6002;micronsp;Micronecta;;3;1;0;0;0;0;0;3;0;0;0;2;3;3;0;3;0;0;3;2;0;0;0;0;3;1;0;0;0;0;0;1;0;1;0;1;1;0;0;0;3;2;0;0;0;0;0;0;0;2;2;0;3;0;0;0;0;3;2;0;3;0;0;1;3;1;0;0;3;0;0;0;1;1;0;0;0;2;3;1;0;2;0;2;2;2;4;2;2;1;4;0;0;2;3;2;1;1;0;3;2;1;3;1;0;0;3;0;2;2;1;0;0;0;0;1;1;3
Heteroptera;VELIIDAE;MICROVELIINAE;Microvelia;sp.;;9090;microvsp;Microvelia;;3;0;0;0;0;0;0;3;0;0;2;3;0;3;0;3;0;0;0;3;0;0;2;0;1;2;1;1;0;0;0;3;0;0;0;0;3;0;1;4;0;0;0;0;0;0;0;0;0;0;0;1;5;1;0;0;0;0;0;0;3;1;0;0;2;3;2;0;3;1;0;0;1;1;1;1;0;5;3;1;0;0;0;0;2;2;1;0;0;0;3;0;0;0;0;3;1;0;0;1;1;1;3;1;0;0;3;0;0;2;1;0;1;1;2;3;3;2
Diptera;CHAOBORIDAE;[Fam:CHAOBORIDAE];Mochlonyx;sp.;;10587;Mochsp. ;Mochlonyx;;0;0;3;0;0;0;0;3;0;0;3;1;3;3;3;0;0;3;0;0;0;0;0;0;1;2;0;0;2;0;0;2;0;3;0;0;1;1;0;0;5;0;0;0;0;0;0;1;0;0;0;1;3;2;0;0;1;1;0;0;0;3;0;0;0;4;3;3;0;0;0;0;0;0;0;0;1;5;3;0;0;0;2;2;2;0;0;2;1;1;1;0;0;0;4;3;1;0;0;0;1;0;3;1;0;0;3;0;0;0;0;0;1;1;1;1;1;2
Trichoptera;MOLANNIDAE;[Fam:MOLANNIDAE];Molanna;sp.;;9091;moannasp;Molanna;;0;0;0;3;0;0;0;0;3;1;3;0;3;3;3;0;0;0;0;0;0;0;0;0;0;0;1;1;0;0;0;0;0;2;2;0;0;0;0;0;0;4;1;0;0;0;0;0;2;1;0;0;3;2;0;0;1;0;1;0;0;3;0;0;3;3;1;1;3;0;0;0;1;1;2;1;1;4;2;0;0;0;2;2;2;0;2;2;5;0;2;0;1;3;1;3;2;0;0;1;2;2;3;1;0;1;0;0;1;3;1;0;0;0;1;2;2;3
Trichoptera;MOLANNIDAE;[Fam:MOLANNIDAE];Molannodes;tinctus;ZETTERSTEDT, 1840;6047;Molatinc;Molannodes tinctus;;0;0;3;2;0;0;0;0;0;0;0;0;3;3;3;0;0;0;0;0;0;0;0;0;0;0;1;1;0;0;0;0;0;2;2;0;0;0;0;0;0;5;0;0;0;0;0;0;0;1;0;0;2;0;0;0;0;0;0;0;0;3;0;0;1;1;0;0;2;0;0;1;1;1;0;0;1;2;2;0;0;0;0;3;3;0;0;1;3;0;0;3;0;2;0;2;3;0;0;2;0;0;3;0;2;0;0;0;0;0;0;0;0;0;2;3;3;3
Diptera;MUSCIDAE;[Fam:MUSCIDAE];Muscidae;Gen. sp.;;8659;MuscGen.;Muscidae;;0;0;3;1;0;0;0;3;0;0;1;3;0;2;1;0;1;0;1;1;0;0;3;0;0;1;0;0;0;0;0;0;3;0;0;0;3;0;0;0;0;4;1;0;0;0;0;1;0;1;1;0;0;5;0;0;0;1;0;0;0;3;0;0;2;2;2;0;0;0;0;1;1;1;1;1;0;3;3;1;1;2;2;2;2;2;3;1;1;0;5;2;0;4;1;2;2;2;1;0;1;3;3;1;1;1;3;0;1;1;3;0;0;0;3;3;3;3
Trichoptera;LEPTOCERIDAE;[Fam:LEPTOCERIDAE];Mystacides;sp.;;6065;Mystsp. ;Mystacides;;0;0;3;1;0;0;0;3;0;0;3;0;3;3;3;0;0;0;0;3;0;0;0;0;1;1;1;2;0;0;0;0;3;3;1;0;0;0;0;0;1;4;0;0;0;0;0;2;0;2;4;0;0;1;0;0;1;3;2;0;0;0;0;1;1;2;0;0;4;0;0;1;1;2;3;4;1;4;3;1;1;3;3;3;3;3;3;1;2;1;3;0;3;1;1;2;3;1;0;1;3;3;3;1;0;0;3;0;0;3;2;0;0;0;1;3;3;3
Gastropoda;LYMNAEIDAE;[Fam:LYMNAEIDAE];Myxas;glutinosa;O.F. MÜLLER, 1774;6067;myxaglut;Myxas glutinosa;;0;0;0;3;0;0;0;3;0;0;3;0;3;0;0;3;0;0;0;3;0;0;0;0;2;1;0;0;0;0;0;1;0;3;0;0;0;0;0;0;0;3;0;0;0;0;0;0;2;2;3;1;0;0;0;0;0;1;3;0;0;0;0;0;2;3;1;0;0;0;0;0;0;1;3;1;0;3;3;0;0;3;3;3;2;0;3;1;0;0;4;1;0;0;3;3;1;1;0;0;3;0;3;0;0;0;3;0;0;3;1;0;0;0;1;1;1;3
Oligochaeta;NAIDIDAE;[Fam:NAIDIDAE];Nais;sp.;MÜLLER, 1773;6077;Naissp. ;Nais;;2;3;3;2;0;0;0;0;1;0;0;3;3;3;0;3;0;2;1;0;0;0;0;3;2;1;0;0;0;3;0;0;0;3;0;0;0;0;0;0;2;0;3;2;0;1;1;2;0;2;0;0;0;0;0;0;3;0;2;0;0;0;0;1;3;2;0;1;2;2;2;2;2;2;2;2;1;0;3;2;0;2;3;3;3;0;4;3;2;2;5;2;0;1;2;2;2;2;2;2;3;1;3;2;1;1;1;0;1;2;2;0;1;2;2;2;2;3
Coleoptera;DYTISCIDAE;COLYMBETINAE;Rhantus;grapii Ad. / Lv.;GYLLENHÅL, 1808;11754 / 6085;RhangrAd / Rhangrap;Nartus grapii;;0;0;0;3;0;0;0;0;3;0;3;1;3;3;0;2;0;0;0;3;0;0;0;0;0;1;0;3;0;0;0;0;3;1;0;0;3;0;1;0;3;3;0;0;0;0;0;0;0;0;0;0;1;3;1;0;0;3;0;0;3;0;0;0;1;2;2;0;1;0;0;0;0;0;0;0;0;5;3;0;0;0;0;3;3;0;0;0;0;0;3;0;0;3;3;3;0;0;0;0;1;3;3;0;0;0;3;0;1;3;3;0;0;0;1;1;1;3
Heteroptera;NAUCORIDAE;NAUCORINAE;Naucoris;maculatus maculatus;FABRICIUS, 1798;13523;Naucmacu;Naucoris maculatus;;0;0;0;3;0;0;0;3;0;0;1;1;2;3;0;2;0;0;1;0;0;3;0;0;1;3;0;2;0;0;0;1;0;0;0;0;3;0;1;2;3;0;0;0;0;0;0;0;0;0;0;0;0;5;0;0;0;0;0;0;3;1;0;1;0;3;0;0;2;0;0;1;1;0;0;0;0;3;3;0;0;1;1;1;1;2;0;0;0;1;4;0;0;1;0;3;2;0;0;2;1;1;3;1;0;0;3;0;2;2;0;0;0;0;1;3;3;3
Coleoptera;DYTISCIDAE;HYDROPORINAE;Nebrioporus;sp. Ad. / Lv.;;12004 / 8597;poctspAd / poctspLv;Nebrioporus;;0;2;2;0;0;0;0;1;3;0;1;3;3;3;0;2;0;0;0;3;0;0;0;0;2;1;0;3;0;0;0;0;3;1;0;0;3;0;1;0;3;3;0;0;0;0;0;0;0;0;0;0;2;3;0;0;0;3;0;0;3;0;0;0;1;2;1;0;1;0;0;1;4;4;1;0;0;0;3;2;1;3;3;3;3;3;1;2;2;1;1;0;0;1;0;3;2;1;0;3;3;0;3;1;1;0;3;0;1;3;0;0;0;0;0;0;1;3
Odonata;COENAGRIONIDAE;NEHALENNIINAE;Nehalennia;speciosa;CHARPENTIER, 1840;7426;Nehaspec;Nehalennia speciosa;;0;0;2;3;0;0;0;2;0;0;1;2;2;3;0;0;0;0;0;0;0;3;0;0;0;0;0;3;0;0;0;0;1;1;3;0;0;0;0;0;0;5;0;0;0;0;0;0;0;0;0;0;0;5;0;0;0;0;0;0;0;3;0;0;0;2;2;0;0;0;0;0;0;0;0;0;0;5;3;1;0;0;3;1;0;0;0;0;0;0;4;0;2;0;0;3;0;0;0;0;1;0;3;0;0;0;3;0;0;3;1;0;0;0;1;3;3;2
Trichoptera;LIMNEPHILIDAE;LIMNEPHILINAE;Nemotaulius;punctatolineatus;RETZIUS, 1783;6091;Nemopunc;Nemotaulius punctatolineatus;;0;0;0;0;3;0;0;0;0;0;3;0;0;3;3;0;0;0;0;1;0;0;0;0;0;2;0;2;0;0;0;0;3;2;2;0;0;0;0;0;0;5;0;0;0;0;0;0;4;0;2;0;0;1;0;0;0;3;0;0;0;0;0;0;1;1;1;0;1;0;0;2;2;0;0;0;1;2;2;0;0;0;3;3;0;2;0;0;0;0;3;0;0;0;0;2;3;0;0;1;0;0;3;0;0;0;1;1;3;3;0;0;0;0;1;3;3;3
Plecoptera;NEMOURIDAE;[Fam:NEMOURIDAE];Nemoura;sp.;;6108;nemoursp;Nemoura;;0;1;3;0;0;0;0;2;2;2;2;0;3;3;0;0;0;0;3;1;0;0;0;0;2;2;0;2;0;0;0;1;3;3;0;0;0;0;0;0;0;5;0;0;0;0;0;1;2;1;0;0;0;0;0;0;0;3;0;0;0;0;0;5;3;1;0;2;2;0;3;5;2;1;1;1;0;1;1;3;1;2;3;3;2;0;2;0;0;1;5;0;1;3;0;1;1;2;2;2;3;1;3;0;2;0;1;1;2;1;0;0;1;2;3;3;3;3
Plecoptera;NEMOURIDAE;[Fam:NEMOURIDAE];Nemurella;pictetii;KLAPALEK, 1900;6113;Nemupict;Nemurella pictetii;;0;0;3;0;0;0;0;3;1;1;3;0;3;3;0;0;0;0;2;2;0;0;0;0;3;2;0;1;0;0;0;1;2;3;0;0;0;0;0;0;0;5;0;0;0;0;0;1;2;1;0;0;0;0;0;0;0;3;0;0;0;0;0;5;0;1;1;0;1;0;2;3;1;0;0;0;0;1;2;2;1;3;3;3;3;0;2;0;0;0;5;0;0;0;0;1;2;3;0;3;0;0;3;0;1;0;3;3;2;0;0;0;1;3;3;2;2;2
Heteroptera;NEPIDAE;NEPINAE;Nepa;sp.;;9102;Nepasp. ;Nepa;;0;0;0;3;2;0;0;3;1;0;3;0;3;3;0;2;0;0;0;0;0;3;0;0;1;3;0;2;2;0;0;0;2;1;0;1;3;0;0;0;1;4;0;0;0;0;0;0;0;0;0;0;0;3;3;0;0;0;0;0;3;1;0;0;2;3;0;3;2;0;1;1;1;1;0;0;0;3;3;0;0;1;1;1;1;1;2;0;0;0;3;0;0;3;3;3;2;0;0;1;3;1;3;1;0;0;3;0;0;3;1;0;1;1;1;1;1;3
Trichoptera;POLYCENTROPODIDAE;[Fam:POLYCENTROPODIDAE];Neureclipsis;bimaculata;LINNAEUS, 1758;6122;Neurbima;Neureclipsis bimaculata;;0;0;1;3;0;0;0;3;0;0;0;3;3;3;3;0;0;0;0;3;0;0;0;0;3;1;1;2;0;0;0;0;3;3;0;0;0;0;0;0;1;1;0;0;3;0;0;0;1;1;1;0;3;2;0;0;0;0;0;3;0;3;0;2;2;1;0;0;1;0;0;1;2;2;2;1;1;2;3;0;0;1;2;2;2;2;3;0;0;0;2;0;2;0;0;1;3;2;1;1;2;2;3;0;0;0;3;0;1;3;1;0;0;0;2;2;3;3
Planipennia;NEURORTHIDAE;[Fam:NEURORTHIDAE];Neurorthus;fallax;RAMBUR, 1842;13550;Neurfall;Neurorthus fallax;;0;0;3;1;0;0;0;3;0;0;0;0;0;3;0;0;0;0;0;2;0;0;3;0;2;0;0;3;0;3;0;3;0;0;0;0;0;0;0;0;0;3;0;0;0;0;0;0;0;0;0;0;0;5;0;0;0;3;0;0;0;0;0;3;0;0;0;0;0;0;0;3;0;0;0;0;0;0;3;2;0;0;0;0;0;3;3;1;0;0;0;0;0;0;0;0;0;1;3;2;1;0;3;0;0;0;3;0;0;0;0;0;0;0;0;0;0;0
Crustacea;GAMMARIDAE;[Fam:GAMMARIDAE];Niphargus;sp.;;6127;nirgussp;Niphargus;;0;0;0;0;3;0;0;0;3;3;0;0;3;3;0;3;3;0;0;0;0;0;0;0;3;0;0;0;0;0;0;0;3;1;3;0;0;0;0;0;1;3;1;3;0;0;0;5;1;0;0;0;1;1;0;0;0;3;0;0;0;0;0;0;1;0;1;0;0;5;0;0;0;0;0;0;0;3;3;1;0;3;3;3;3;3;1;1;3;5;0;0;0;0;0;3;1;0;0;2;0;0;3;0;3;0;1;3;1;1;0;0;0;0;1;1;1;3
Coleoptera;ELMIDAE;ELMINAE;Normandia;sp. Ad. / Lv.;;12099 / 9105;NormspAd / NormspLv;Normandia;;0;3;0;0;0;0;0;1;3;0;3;0;3;3;0;2;0;0;0;3;0;0;0;0;2;1;0;2;0;0;0;0;3;1;3;3;0;0;1;0;0;4;0;0;0;0;0;1;0;3;0;0;0;0;0;0;0;1;3;0;0;0;0;3;3;0;0;0;0;0;1;3;3;3;1;0;0;0;3;0;0;3;3;3;3;3;3;3;1;0;2;0;0;0;0;0;3;3;3;3;2;0;3;0;0;0;3;0;0;0;0;0;0;0;0;0;0;3
Coleoptera;NOTERIDAE;[Fam:NOTERIDAE];Noterus;sp. Ad. / Lv.;;13558 / 9107;NotespAd / NotespLv;Noterus;;0;3;0;0;0;0;0;0;3;0;3;0;3;3;3;2;0;0;0;3;0;0;0;0;0;1;0;3;0;3;0;0;0;3;0;0;3;0;1;0;3;0;3;0;0;0;0;0;0;0;0;0;2;3;0;0;0;3;0;0;0;3;0;0;0;3;3;0;0;0;0;0;0;0;0;0;0;5;3;0;0;3;3;3;3;3;0;0;0;0;3;0;0;3;3;3;0;0;0;0;1;3;3;2;0;0;3;0;0;1;3;1;1;1;1;1;2;3
Trichoptera;SERICOSTOMATIDAE;[Fam:SERICOSTOMATIDAE];Notidobia;sp.;;9108;Notisp. ;Notidobia;;0;0;0;3;0;0;0;3;0;0;1;2;3;3;3;0;0;0;0;3;0;0;0;0;2;1;1;1;0;0;0;0;1;2;2;0;0;0;0;0;0;5;0;0;0;0;0;0;3;0;3;0;0;0;0;0;0;3;0;0;0;0;0;0;2;0;1;1;2;0;1;1;3;3;2;0;0;3;3;1;0;3;2;2;2;2;1;1;4;2;0;0;2;1;3;2;3;2;0;2;1;0;3;0;0;0;3;0;3;1;0;0;0;1;1;1;1;2
Heteroptera;NOTONECTIDAE;NOTONECTINAE;Notonecta;sp.;;6139;notonesp;Notonecta;;0;0;0;3;0;0;0;3;2;0;3;0;3;3;0;2;0;0;0;1;0;3;0;0;0;2;0;3;1;0;0;3;0;1;0;1;3;0;2;2;4;0;0;0;0;0;0;0;0;0;0;0;3;3;1;0;0;0;0;0;3;1;0;0;1;3;1;2;2;0;1;1;0;0;1;1;1;5;3;2;0;1;1;2;2;2;1;0;0;0;2;0;0;1;1;3;1;0;0;1;3;0;3;2;1;0;3;0;1;3;0;0;1;2;3;3;3;3
Heteroptera;NOTONECTIDAE;NOTONECTINAE;Nychia;marshalli;SCOTT, 1872;13564;Nychmars;Nychia marshalli ;;0;0;3;0;0;0;0;3;0;0;1;1;2;3;0;2;0;0;0;1;0;3;0;0;0;2;0;3;1;0;0;2;0;0;0;0;3;0;2;2;4;0;0;0;0;0;0;0;0;0;0;0;0;5;0;0;0;0;0;0;3;0;0;0;0;3;0;0;0;0;0;0;0;0;0;0;0;5;3;0;0;0;0;0;0;1;0;0;0;0;2;0;0;1;1;3;1;0;0;0;0;0;3;0;0;0;3;0;0;0;0;0;0;0;0;0;0;0
Lepidoptera;PYRALIDAE;NYMPHULINAE;Nymphula;stagnata;DONOVAN, 1806;9793;Nympstag;Nymphula stagnata;;0;0;0;3;2;0;0;3;0;0;0;3;2;3;3;0;0;0;0;3;0;0;0;0;1;0;0;3;0;3;0;3;0;2;0;2;2;0;0;0;0;2;0;0;2;0;0;0;0;0;5;0;0;0;0;0;0;3;0;0;0;0;0;1;2;2;1;1;4;0;0;1;1;1;0;0;0;3;3;0;0;3;3;3;3;3;0;0;0;0;4;0;0;0;0;3;3;0;0;0;1;1;3;1;0;0;3;0;1;3;1;0;0;0;1;1;1;2
Coleoptera;HYDRAENIDAE;HYDRAENINAE;Ochthebius;sp. Ad. / Lv.;;8576 / 14460;ochtspAd / ochtspLv;Ochthebius;;0;3;0;0;0;0;0;1;3;0;3;1;3;0;0;2;0;0;0;0;0;0;3;0;1;1;0;3;0;0;0;0;3;0;0;2;3;0;1;0;3;3;0;0;0;0;0;1;0;3;0;0;0;0;0;0;0;1;3;0;0;0;0;0;1;2;2;1;1;0;1;1;1;1;0;0;0;3;3;1;1;3;3;3;3;3;0;1;0;0;2;2;0;2;2;3;1;0;0;0;1;3;3;3;0;0;3;0;0;0;0;0;0;0;1;1;1;3
Trichoptera;ODONTOCERIDAE;[Fam:ODONTOCERIDAE];Odontocerum;albicorne;SCOPOLI, 1763;6168;Odonalbi;Odontocerum albicorne;;0;0;0;3;1;0;0;3;2;2;3;0;3;3;3;0;0;0;0;0;0;0;3;0;3;1;1;2;0;0;0;0;3;2;3;0;0;0;0;0;0;3;2;0;0;0;0;0;0;1;3;0;3;2;0;0;0;3;0;0;0;3;0;3;0;0;0;0;1;0;1;3;4;4;2;1;0;0;2;2;1;2;2;2;2;2;2;1;3;4;2;0;0;2;0;0;0;3;1;3;0;0;3;0;2;0;0;0;3;1;0;0;0;0;1;2;2;3
Trichoptera;LEPTOCERIDAE;[Fam:LEPTOCERIDAE];Oecetis;sp.;;6174;Oecesp. ;Oecetis;;0;0;3;1;0;0;0;3;0;0;3;1;3;3;3;0;0;0;0;3;0;0;0;0;1;1;1;3;0;0;0;0;3;2;3;0;0;0;0;0;1;4;0;0;0;0;0;1;1;2;3;0;2;0;0;0;1;3;1;0;0;1;0;1;2;3;1;1;3;0;0;1;1;2;5;3;2;5;3;0;0;2;2;2;2;2;2;0;3;0;4;1;1;1;2;2;3;2;0;2;2;1;3;1;0;0;3;0;0;3;2;0;0;1;1;2;2;3
Trichoptera;SERICOSTOMATIDAE;[Fam:SERICOSTOMATIDAE];Oecismus;monedula;HAGEN, 1859;6176;Oecimone;Oecismus monedula;;0;0;0;3;0;0;0;0;0;0;0;0;3;3;3;0;0;0;0;3;0;0;0;0;2;1;1;1;0;0;0;0;1;2;2;0;0;0;0;0;0;5;0;0;0;0;0;0;3;0;3;0;0;0;0;0;0;3;0;0;0;0;0;2;2;0;0;0;0;0;0;2;3;1;0;0;0;0;2;2;0;0;3;3;1;0;2;2;2;0;0;0;0;0;0;0;2;1;0;2;0;0;3;0;0;0;0;0;3;2;1;0;0;0;0;0;0;0
Ephemeroptera;OLIGONEURIIDAE;OLIGONEURIINAE;Oligoneuriella;rhenana;IMHOFF, 1852;6182;Oligrhen;Oligoneuriella rhenana;;0;0;0;3;0;0;0;3;0;0;3;0;3;3;0;0;0;3;1;0;0;0;0;0;3;1;1;2;3;0;0;0;0;1;3;0;0;0;0;0;1;4;0;0;0;0;1;2;0;3;0;0;0;0;0;0;2;0;2;3;0;0;0;2;2;0;0;0;0;0;0;1;1;3;3;2;0;0;3;0;0;1;1;3;3;0;3;0;0;0;3;0;2;0;0;0;0;2;3;0;3;0;3;0;0;1;3;0;1;3;0;0;0;0;0;0;0;3
Trichoptera;BRACHYCENTRIDAE;[Fam:BRACHYCENTRIDAE];Brachycentrus;maculatus;FOURCROY , 1785;6184;Oligmacu;Oligoplectrum maculatum;;0;0;3;0;0;0;0;3;0;0;3;0;3;3;3;0;0;0;0;3;0;0;0;0;0;1;1;2;0;0;0;0;3;3;2;0;0;0;0;0;0;2;0;0;3;0;0;3;2;2;3;0;1;0;0;0;0;2;2;3;0;0;0;2;2;0;0;0;0;0;0;2;4;4;2;1;0;0;3;1;0;2;2;2;2;1;5;0;0;0;0;0;0;0;0;0;1;3;1;3;0;0;3;0;0;0;0;0;3;3;0;0;0;0;0;0;0;0
Trichoptera;PHRYGANEIDAE;[Fam:PHRYGANEIDAE];Oligostomis;reticulata;LINNAEUS, 1761;6185;Oligreti;Oligostomis reticulata;;0;0;0;3;2;0;0;3;0;0;3;0;3;3;3;0;0;0;0;3;0;0;0;0;0;2;1;2;0;0;0;3;0;2;2;0;0;0;0;0;0;5;0;0;0;0;0;0;3;0;3;1;0;2;0;0;0;3;0;0;0;1;0;0;1;0;3;1;1;0;0;1;1;0;0;0;1;3;3;0;0;0;3;1;3;0;0;0;0;0;3;0;0;0;0;3;2;1;0;0;0;0;3;1;0;0;0;0;1;3;2;0;1;1;2;3;3;1
Trichoptera;PHRYGANEIDAE;[Fam:PHRYGANEIDAE];Oligotricha;striata;LINNAEUS, 1758;6186;Oligstri;Oligotrichia striata;;0;0;0;0;3;0;0;3;0;0;3;0;1;3;3;0;0;0;0;2;0;0;3;0;0;2;1;2;0;0;0;3;0;2;2;0;0;0;0;0;0;5;0;0;0;0;0;0;0;0;0;1;1;3;0;0;0;1;0;0;0;3;0;0;2;3;1;0;2;0;0;1;0;0;0;0;1;3;2;1;0;0;3;3;3;0;0;0;0;0;2;0;0;0;0;3;2;0;0;1;1;0;3;0;0;0;3;1;3;2;0;0;2;3;2;1;1;1
Odonata;GOMPHIDAE;ONYCHOGOMPHINAE;Onychogomphus;sp.;;9118;Onycsp. ;Onychogomphus;;0;0;0;0;3;0;0;0;3;3;1;0;3;3;0;0;0;1;3;0;0;0;0;0;2;1;0;3;3;0;0;0;0;1;3;0;0;0;0;0;0;2;3;0;0;0;0;0;0;0;0;0;0;5;0;0;0;0;0;0;0;3;0;0;2;0;0;0;2;0;0;1;1;1;2;0;0;3;3;1;0;1;1;1;1;1;2;2;3;0;1;0;0;0;1;1;2;2;0;2;3;0;3;0;1;0;3;0;2;3;1;0;0;0;2;3;2;2
Oligochaeta;NAIDIDAE;[Fam:NAIDIDAE];Ophidonais;serpentina;MÜLLER, 1773;6195;Ophiserp;Ophidonais serpentina;;0;0;0;3;3;0;0;0;1;0;0;3;3;3;0;3;0;2;1;0;0;0;0;3;2;0;0;0;0;3;0;0;0;3;0;0;0;0;0;0;2;0;3;1;0;0;0;3;0;1;0;0;0;0;0;0;3;0;1;0;0;0;0;1;1;2;0;0;2;0;0;1;1;1;1;1;0;0;3;0;0;0;3;3;3;0;2;0;1;2;5;3;0;2;2;3;2;1;0;0;1;3;3;1;0;0;3;0;0;1;3;1;0;0;0;1;2;3
Odonata;GOMPHIDAE;ONYCHOGOMPHINAE;Ophiogomphus;cecilia;FOURCROY, 1785;8175;Ophiceci;Ophiogomphus serpentinus;;0;0;0;0;3;0;0;0;3;3;1;0;3;3;0;0;0;1;2;0;0;0;0;0;2;0;0;3;3;0;0;0;0;1;3;0;0;0;0;0;0;2;4;0;0;0;0;0;0;0;0;0;0;5;0;0;0;0;0;0;0;3;0;3;3;0;0;0;0;0;0;4;1;0;0;0;0;0;3;1;0;0;3;3;1;0;0;0;4;3;0;0;3;0;1;0;2;2;1;1;1;1;3;0;1;0;3;0;2;3;1;0;0;0;2;3;2;2
Crustacea;CAMBARIDAE;[Fam:CAMBARIDAE];Orconectes;limosus;RAFINESQUE, 1817;6199;Orcolimo;Orconectes limosus;;0;0;0;0;0;1;3;0;3;0;3;0;3;3;0;3;3;0;0;3;0;0;0;0;0;2;0;0;0;0;0;0;3;0;3;0;0;0;0;0;1;4;0;0;0;0;0;0;3;0;0;0;0;3;0;0;0;2;2;0;0;2;0;0;2;2;0;0;1;0;0;1;2;2;2;2;0;1;3;0;0;1;2;3;3;2;2;0;0;2;3;0;0;0;0;2;3;1;0;2;3;0;3;0;0;0;3;0;0;3;2;0;0;0;0;0;0;3
Coleoptera;GYRINIDAE;ORECTOCHILINAE;Orectochilus;villosus Ad. / Lv.;MÜLLER, 1776;12422 / 6200;OrecviAd / Orecvill;Orectochilus villosus;;0;2;2;0;0;0;0;1;3;0;3;0;3;3;0;2;0;0;0;3;0;0;0;0;2;2;0;3;0;0;0;0;3;1;3;0;3;0;1;3;3;3;0;0;0;0;0;0;0;0;0;0;1;3;0;0;0;3;0;0;3;0;0;3;3;0;0;0;0;0;0;1;1;2;2;2;1;0;3;0;0;2;2;3;3;3;2;2;1;0;2;0;1;1;0;3;2;2;1;1;3;0;3;0;0;0;3;0;1;3;0;0;0;0;0;0;0;3
Coleoptera;DYTISCIDAE;HYDROPORINAE;Oreodytes;sp. Ad. / Lv.;;12012 / 6206;OreospAd / OreospLv;Oreodytes;;0;3;0;0;0;0;0;1;3;0;1;3;3;3;0;2;0;0;0;3;0;0;0;0;2;1;0;3;0;0;0;0;3;1;0;0;3;0;1;0;3;3;0;0;0;0;0;0;0;0;0;0;2;3;0;0;0;3;0;0;3;0;0;1;3;0;0;0;1;0;0;2;4;4;1;0;0;0;3;2;1;3;3;3;3;3;1;2;2;1;0;0;0;1;0;3;2;1;0;3;2;0;3;0;1;0;3;0;2;3;0;0;0;1;1;1;1;3
Odonata;LIBELLULIDAE;LIBELLULINAE;Orthetrum;sp.;;9123;orthetsp;Orthetrum;;0;0;0;1;3;0;0;0;3;3;0;0;3;3;0;0;0;1;2;0;0;0;0;0;1;1;0;3;0;0;0;2;0;1;3;0;0;0;0;0;1;3;1;0;0;0;0;0;0;0;0;0;0;5;0;0;0;0;0;0;0;3;0;0;2;2;2;1;2;0;1;0;1;1;0;0;0;1;3;1;0;2;2;2;2;2;2;2;1;0;2;0;2;0;2;3;2;1;0;0;1;2;3;1;0;0;3;0;1;3;1;0;0;1;1;1;2;2
Diptera;CHIRONOMIDAE;ORTHOCLADIINAE/DIAMESINAE/PRODIAMESINAE;Orthocladiinae / Diamesinae/Prodiamesinae;Gen. sp.;;6208 / 4950 / 10332;ortinaeG / dianaeGe / ProdGen.;Orthocladiinae/Diamesinae/Prodiamesinae;;0;1;3;1;0;0;0;3;0;0;1;3;1;2;3;0;0;0;0;2;1;0;2;0;2;1;1;1;0;0;0;0;3;3;1;0;0;0;0;0;1;3;1;2;1;0;0;2;0;4;1;0;1;0;0;0;1;0;3;1;0;0;1;0;2;2;1;1;2;0;2;2;2;2;2;2;1;3;3;2;2;2;2;2;2;2;5;3;2;1;4;2;0;2;1;2;3;2;2;2;2;1;3;1;3;0;3;2;3;3;1;0;2;3;3;3;3;3
Trichoptera;HYDROPTILIDAE;[Fam:HYDROPTILIDAE];Orthotrichia;sp.;;8651;orthotsp;Orthotrichia;;0;3;0;0;0;0;0;3;0;0;1;3;3;3;3;0;0;0;0;3;0;0;0;0;1;1;2;1;0;0;0;0;3;3;1;0;0;0;0;0;0;1;0;0;3;0;0;1;0;1;5;0;0;2;0;0;0;0;0;0;3;0;0;0;2;3;1;0;3;0;0;1;1;1;1;1;0;4;3;0;0;1;3;3;2;0;1;0;0;0;5;2;2;2;0;3;3;0;0;1;2;3;3;1;0;0;3;0;1;3;1;0;0;0;0;0;0;3
Planipennia;OSMYLIDAE;[Fam:OSMYLIDAE];Osmylus;sp.;;13571;Osmysp. ;Osmylus;;0;0;0;3;0;0;0;3;0;0;3;1;0;1;0;0;0;0;0;2;0;0;3;0;0;0;0;1;0;0;0;3;0;0;0;0;3;0;0;0;0;5;0;0;0;0;0;0;0;0;0;0;0;5;0;0;0;0;0;0;3;1;0;0;3;0;0;0;0;0;0;2;1;1;1;1;0;0;3;1;0;3;3;3;3;3;3;0;0;0;3;0;0;0;2;2;1;1;0;3;0;0;3;0;1;0;0;0;3;0;0;0;0;0;0;1;1;1
Trichoptera;LIMNEPHILIDAE;LIMNEPHILINAE;other Limnephilini;spp.;;?;?;other Limnephilini;;0;0;0;3;2;0;0;3;0;0;3;0;3;3;3;0;0;0;0;3;0;0;1;0;0;1;0;2;2;0;0;0;2;2;2;0;0;0;0;0;0;5;0;0;0;0;0;1;5;0;2;1;0;0;0;0;0;3;0;0;0;0;0;0;3;3;2;1;2;0;2;1;1;1;1;1;0;3;3;2;1;2;2;2;2;2;1;1;2;0;2;1;3;3;1;3;3;1;0;0;1;1;3;1;0;0;2;2;2;3;1;0;1;1;2;3;3;3
Oligochaeta;LUMBRICULIDAE;[Fam:LUMBRICULIDAE];other Lumbriculidae;;;?;?;other Lumbriculidae;;0;0;0;0;3;3;3;0;1;0;0;3;3;3;0;3;0;0;0;2;0;0;0;3;1;0;0;0;0;2;0;0;2;3;0;0;0;0;0;0;0;0;0;1;0;0;1;3;0;1;0;0;0;0;0;1;3;0;0;0;0;0;0;0;2;0;1;0;2;2;2;2;2;2;2;2;0;0;3;2;0;2;2;2;2;0;1;2;2;2;2;0;1;2;2;2;2;1;0;1;3;2;3;0;1;0;3;0;2;2;3;2;3;3;3;3;3;3
Trichoptera;LIMNEPHILIDAE;[Fam:LIMNEPHILIDAE];other Stenophylacini / Chaetopterygini;spp.;;?;;other Stenophylacini/Chaetopterygini;;0;0;0;3;2;0;0;3;0;0;3;0;3;3;3;0;0;0;0;3;0;0;0;0;0;1;0;3;0;0;0;2;1;2;2;0;0;0;0;0;0;5;0;0;0;0;0;0;4;0;4;1;0;1;0;0;0;3;0;0;0;0;0;3;3;1;0;0;1;0;1;3;3;1;1;0;0;1;3;3;1;2;2;2;2;2;3;2;2;0;0;0;1;1;0;0;2;3;3;1;1;0;3;0;1;0;1;3;3;2;0;0;1;1;1;3;3;3
Oligochaeta;TUBIFICIDAE;[Fam:TUBIFICIDAE];other Tubificidae (ASC = with capillary setae);;;?;?;other Tubificidae (ASC);;0;0;0;0;0;3;0;0;1;0;0;3;3;3;0;3;0;0;0;3;0;0;0;2;1;0;0;0;0;1;0;0;3;3;0;0;0;0;0;0;0;0;3;1;2;0;1;3;0;1;0;0;0;0;0;1;3;0;0;0;0;0;0;0;3;2;0;0;2;2;2;2;2;2;3;3;0;0;3;1;0;2;2;2;2;2;0;1;2;3;2;0;1;1;5;1;3;1;0;1;2;2;3;0;0;1;0;0;0;1;2;2;0;0;0;2;1;3
Oligochaeta;TUBIFICIDAE;[Fam:TUBIFICIDAE];other Tubificidae (SSC = without capillary setae);;;?;?;other Tubificidae (SSC);;0;0;0;0;0;3;0;0;1;0;0;3;3;3;0;3;0;0;0;1;0;0;0;2;1;0;0;0;0;1;0;0;3;3;0;0;0;0;0;0;0;0;3;2;0;0;1;3;0;1;0;0;0;0;0;1;3;0;0;0;0;0;0;3;2;3;0;0;3;0;0;1;1;1;1;1;0;0;3;0;0;0;2;2;2;2;0;4;4;2;2;2;1;1;5;3;3;1;1;0;2;2;3;2;0;1;1;0;0;0;2;3;1;1;1;1;2;3
Coleoptera;ELMIDAE;ELMINAE;Oulimnius;sp. Ad. / Lv.;;12104 / 6260;OulispAd / Oulisp. ;Oulimnius;;0;3;0;0;0;0;0;1;3;0;3;0;3;3;0;2;0;0;0;3;0;0;0;0;2;1;0;2;0;0;0;0;3;1;3;3;0;0;1;0;0;4;0;1;0;0;0;1;0;3;0;0;0;0;0;0;0;1;3;0;0;0;0;3;3;0;0;0;0;0;1;3;3;3;1;0;0;0;3;1;0;3;3;3;3;3;1;3;3;2;2;0;0;0;0;0;3;2;1;3;2;0;3;0;0;0;3;0;1;3;0;0;0;0;1;1;1;3
Trichoptera;HYDROPTILIDAE;[Fam:HYDROPTILIDAE];Oxyethira;sp.;;6268;Oxyesp. ;Oxyethira;;1;3;0;0;0;0;0;3;0;0;1;3;3;3;3;0;0;0;0;3;0;0;0;0;1;1;2;1;0;0;0;0;3;3;0;0;0;0;0;0;1;1;0;0;3;0;0;2;0;1;3;0;0;0;0;0;1;0;0;0;3;0;0;1;3;3;2;0;2;0;0;1;1;1;2;2;0;3;3;1;0;2;2;2;2;0;2;1;0;1;4;1;2;0;0;2;3;2;0;2;1;1;3;0;0;0;3;0;1;3;1;0;0;1;1;3;3;3
Odonata;CORDULIIDAE;MACROMIINAE;Oxygastra;curtisii;DALE, 1834;11186;Oxygcurt;Oxygastra curtisii;;0;0;0;1;3;0;0;0;3;3;0;0;3;3;0;0;0;3;0;0;0;0;0;0;2;0;0;3;0;0;0;0;3;1;3;0;0;0;0;0;0;3;2;0;0;0;0;0;0;0;0;0;1;4;0;0;0;0;0;0;0;3;0;1;3;1;0;1;0;0;0;0;0;1;1;1;0;1;3;0;0;1;1;1;1;2;0;0;3;0;0;0;0;0;3;1;2;3;0;0;1;0;3;0;0;0;3;0;0;1;3;1;0;0;2;3;3;3
Plecoptera;LEUCTRIDAE;[Fam:LEUCTRIDAE];Pachyleuctra;sp.;DESPAX, 1929;?;?;Pachyleuctra;;0;0;0;3;0;0;0;0;3;3;0;0;3;3;0;0;0;0;3;0;0;0;0;0;1;1;0;1;0;0;0;0;3;3;0;0;0;0;0;0;0;5;0;1;0;0;2;2;3;1;1;0;0;0;0;0;1;3;0;0;0;0;0;3;3;0;0;0;0;0;2;3;1;0;0;0;0;0;0;3;2;3;0;0;0;0;1;2;2;0;2;0;2;2;0;0;1;1;0;3;0;0;3;0;0;0;1;0;3;0;0;0;0;1;3;3;3;3
Crustacea;ASTACIDAE;[Fam:ASTACIDAE];Pacifastacus;sp.;;9270;Pacisp. ;Pacifastacus;;0;0;0;0;0;0;3;0;3;0;3;0;3;3;0;3;3;0;0;3;0;0;0;0;0;2;0;0;0;0;0;0;3;0;3;0;0;0;0;0;1;4;1;0;0;0;0;0;0;0;3;0;1;2;0;0;0;3;0;0;0;2;0;0;3;2;0;0;1;0;0;1;1;1;0;0;0;1;3;1;0;0;3;0;2;1;1;0;0;0;3;0;0;0;0;0;2;2;0;3;0;0;3;0;0;0;3;0;0;0;0;0;0;0;0;0;0;0
Trichoptera;PSYCHOMYIIDAE;[Fam:PSYCHOMYIIDAE];Paduniella;vandeli;DECAMPS, 1965;?;?;Paduniella vandeli;;0;0;3;0;0;0;0;3;0;0;0;2;3;3;3;0;0;0;0;3;0;0;0;0;1;1;1;1;0;0;0;0;3;3;0;0;0;0;0;0;0;2;0;0;3;0;0;3;0;3;0;0;0;0;0;0;0;0;3;0;0;0;0;0;2;0;0;0;0;0;0;3;0;0;0;0;0;0;0;2;0;2;0;0;0;0;5;0;0;0;0;0;0;0;0;0;3;0;0;0;0;0;3;0;0;0;0;0;0;0;0;0;0;0;0;0;0;0
Bryozoa;PALUDICELLIDAE;[Fam:PALUDICELLIDAE];Paludicella;articulata;EHRENBERG, 1831;7815;Paluarti;Paludicella articulata;;3;0;0;0;0;0;0;3;0;3;0;0;3;3;0;3;3;0;0;0;0;0;0;3;3;1;0;0;3;0;0;0;0;3;0;0;0;0;0;0;1;0;0;0;0;3;0;1;0;3;0;0;3;0;0;0;0;0;0;3;0;0;0;2;3;1;0;0;3;0;0;1;1;1;1;1;0;1;3;0;0;1;1;3;3;0;3;0;0;0;1;0;3;1;1;2;3;2;1;1;2;0;3;2;1;0;3;0;3;2;0;0;0;0;0;0;0;3
Trichoptera;LIMNEPHILIDAE;LIMNEPHILINAE;Parachiona;sp.;;9129;paionasp;Parachiona;;0;0;1;3;0;0;0;3;1;1;3;0;3;3;3;0;0;0;0;1;0;0;0;0;0;2;0;2;0;0;0;0;0;2;2;0;0;0;0;0;0;5;0;0;0;0;0;0;3;0;3;0;0;0;0;0;0;3;0;0;0;0;0;3;1;0;0;0;0;0;4;3;0;0;0;0;0;0;2;1;0;0;3;3;3;0;1;2;2;0;3;0;0;2;0;1;3;2;2;3;0;0;3;0;1;0;0;3;2;0;0;0;0;0;0;0;1;3
Heteroptera;CORIXIDAE;CORIXINAE;Paracorixa;concinna concinna;FIEBER, 1848;8209;Paraconc;Paracorixa concinna;;0;0;3;0;0;0;0;3;0;0;1;1;3;3;0;2;0;0;1;3;0;0;0;0;0;2;0;2;0;0;0;1;0;1;0;2;3;0;1;0;5;0;0;0;0;0;0;0;0;2;2;0;3;0;0;0;0;3;2;0;3;0;0;0;1;3;0;0;2;0;0;1;1;1;0;0;0;5;3;0;0;0;0;3;0;0;0;0;0;0;1;0;0;3;0;2;1;0;0;0;0;3;2;3;0;0;3;0;0;0;3;0;0;0;2;3;3;3
Coleoptera;HYDROPHILIDAE;HYDROPHILINAE;Paracymus;sp. Ad. / Lv.;;13000 / 13001;ParspAd / ParspLv;Paracymus;;0;3;0;0;0;0;0;1;3;0;3;1;3;3;0;2;0;0;0;3;0;0;0;0;0;1;0;3;0;0;0;0;3;1;0;1;3;0;1;0;3;3;0;0;0;0;0;0;0;3;0;0;3;1;0;0;0;3;0;0;0;1;0;0;0;3;3;0;0;0;0;0;0;0;0;0;0;5;3;0;0;3;3;3;3;3;0;0;0;0;3;3;0;3;3;3;0;0;0;0;0;3;3;3;0;0;3;0;0;0;0;0;0;0;1;1;2;3
Odonata;GOMPHIDAE;ONYCHOGOMPHINAE;Paragomphus;genei;SELYS, 1841;12386;Paragene;Paragomphus genei;;0;0;0;0;3;0;0;0;3;0;3;0;3;3;0;0;0;3;0;0;1;0;0;0;3;1;0;3;0;0;0;0;3;1;3;0;0;0;0;0;0;2;5;0;0;0;0;0;0;0;0;0;1;4;0;0;0;0;0;0;0;3;0;5;1;0;0;0;0;0;0;1;1;0;0;0;0;0;1;0;0;0;0;0;0;3;0;0;5;0;0;0;0;0;0;0;2;2;0;2;1;0;3;0;0;0;2;0;1;0;0;0;0;0;0;0;0;0
Ephemeroptera;LEPTOPHLEBIIDAE;LEPTOPHLEBIINAE;Paraleptophlebia;sp.;;6308;paralesp;Paraleptophlebia;;0;0;2;2;0;0;0;3;0;0;3;0;3;3;0;0;0;0;3;0;0;0;0;0;2;1;1;3;0;0;0;0;3;1;3;0;0;0;0;0;1;4;1;0;0;0;0;3;2;2;0;0;0;0;0;0;2;2;1;0;0;0;0;3;3;0;0;0;1;0;1;2;3;2;1;0;0;1;3;2;1;2;3;2;2;0;2;2;1;0;2;0;2;2;0;0;1;3;0;2;2;1;3;0;0;0;3;0;3;2;1;0;0;0;1;1;3;3
Oligochaeta;NAIDIDAE;[Fam:NAIDIDAE];Paranais;sp.;CZERNIAVSKY, 1880;9134;paranasp;Paranais;;0;3;3;2;0;0;0;0;1;0;0;3;3;3;0;3;0;2;1;0;0;0;0;3;2;0;0;0;0;3;0;0;0;3;0;0;0;0;0;0;0;0;3;0;0;0;0;2;0;2;0;0;0;0;0;0;3;0;1;0;0;0;0;1;2;2;0;0;1;0;0;0;1;1;2;2;0;3;3;0;0;0;0;0;3;0;0;2;5;2;2;2;0;1;3;2;2;0;0;0;0;3;3;3;0;0;3;0;0;2;2;0;0;0;0;1;1;3
Lepidoptera;PYRALIDAE;NYMPHULINAE;Parapoynx;stratiotata;LINNAEUS, 1758;9461;Parastra;Parapoynx stratiotata;;0;0;0;3;2;0;0;3;0;0;2;0;2;3;3;0;0;0;0;3;0;0;0;0;0;0;0;3;0;3;0;3;0;2;3;0;2;0;0;0;0;2;0;0;2;0;0;0;0;0;5;0;0;0;0;0;0;3;0;0;0;0;0;2;4;3;1;2;4;0;0;1;1;1;0;0;0;3;2;0;0;3;3;3;3;3;0;2;0;0;4;0;0;0;0;3;3;0;0;1;3;1;3;0;0;0;3;0;1;3;1;0;0;0;0;1;1;2
Trichoptera;RHYACOPHILIDAE;[Fam:RHYACOPHILIDAE];Rhyacophila (Pararhyacophila);;;?;?;Pararhyacophila;;0;0;0;1;3;0;0;1;1;1;1;0;3;3;3;0;0;0;3;0;0;0;0;0;3;1;1;2;0;0;0;0;3;2;2;0;0;0;0;0;2;3;0;0;1;0;0;0;0;1;0;0;0;5;0;0;0;0;0;0;0;3;0;3;2;0;0;0;0;0;2;3;1;1;0;0;0;0;1;2;3;2;2;2;1;2;5;0;0;0;0;0;2;0;0;0;1;3;1;3;0;0;3;0;2;0;3;3;3;0;0;0;0;0;0;0;0;0
Heteroptera;CORIXIDAE;CORIXINAE;Parasigara;sp.;;11201;Parasp. ;Parasigara;;0;0;3;0;0;0;0;3;0;0;1;1;3;3;0;2;0;0;1;3;0;0;0;0;1;2;1;3;0;0;0;1;0;1;0;2;3;0;1;0;5;0;0;0;0;0;0;0;0;2;2;0;3;0;0;0;0;3;2;0;3;0;0;1;2;3;0;1;2;0;0;2;2;2;0;0;2;5;3;0;0;3;0;0;3;3;0;0;0;0;1;0;0;1;0;1;1;1;0;0;2;0;3;0;0;0;3;0;0;2;0;0;0;0;1;3;3;1
Bryozoa;LOPHOPODIDAE;[Fam:LOPHOPODIDAE];Pectinatella;magnifica;LEIDY, 1851;6353;Pectmagn;Pectinatella magnifica;;0;0;0;0;3;1;0;3;0;3;0;0;3;3;0;3;3;0;0;0;0;0;0;3;3;1;0;0;3;0;0;0;0;3;0;0;0;0;0;0;1;0;0;0;0;2;0;1;0;3;0;0;3;0;0;0;0;0;0;3;0;0;0;0;2;0;1;0;2;0;0;0;0;1;2;2;0;1;3;0;0;3;1;1;3;0;3;0;0;0;1;0;3;0;0;3;1;0;0;3;0;0;3;0;0;3;0;0;3;0;0;0;0;0;0;0;0;3
Diptera;PEDICIIDAE;[Fam:PEDICIIDAE];Pediciini;Gen. sp.;;?;?;Pediciini ;;0;0;0;1;3;2;0;3;0;0;3;1;2;2;0;0;0;1;0;0;1;0;0;0;2;1;0;1;0;0;0;0;2;0;0;0;3;0;0;0;0;2;2;0;0;0;0;0;1;0;0;0;0;3;0;0;0;0;0;0;0;3;0;0;3;2;2;0;1;0;1;1;1;1;0;0;1;0;3;1;1;2;2;1;2;2;2;3;3;2;1;0;1;3;2;1;2;1;1;1;1;0;3;0;1;0;1;0;0;0;0;0;1;1;3;3;3;3
Coleoptera;HALIPLIDAE;[Fam:HALIPLIDAE];Peltodytes;sp. Ad. / Lv.;;9538 / 9141;peltspad / peltodsp;Peltodytes;;0;3;0;0;0;0;0;1;3;0;1;3;3;3;0;2;0;0;0;3;0;0;0;0;0;1;0;3;0;0;0;0;3;2;3;0;3;0;1;0;3;3;0;0;0;0;0;0;0;3;3;0;0;0;0;0;0;3;0;0;3;0;0;0;0;3;3;0;0;0;0;0;0;0;0;0;0;5;3;0;0;1;1;3;3;3;0;0;0;0;3;0;0;3;3;3;0;0;0;0;1;3;3;1;0;0;3;0;0;1;2;0;0;0;1;1;1;3
Plecoptera;PERLIDAE;[Fam:PERLIDAE];Perla;sp.;;6372;perlasp ;Perla;;0;0;0;0;3;0;0;0;3;3;0;0;3;3;0;0;0;0;3;0;2;0;0;0;1;2;0;1;2;0;0;0;2;0;3;0;0;0;0;0;0;5;0;0;0;0;0;0;0;0;0;0;1;4;0;0;0;3;0;0;0;1;0;4;0;0;0;0;1;0;1;2;2;4;2;1;0;1;2;3;2;2;2;2;1;0;4;3;1;0;1;0;2;0;0;0;0;1;3;3;0;0;3;0;1;1;3;1;2;1;0;0;0;0;0;0;1;3
Plecoptera;PERLODIDAE;[Fam:PERLODIDAE];Perlodes;sp.;;6377;perlodsp;Perlodes;;0;0;0;1;3;0;0;0;3;1;3;0;3;3;0;0;0;0;3;0;0;0;0;0;1;2;0;1;2;0;0;0;3;3;0;0;0;0;0;0;0;5;0;0;0;0;0;1;0;1;0;0;1;5;0;0;0;3;0;0;0;1;0;4;1;0;0;0;1;0;2;4;2;1;1;1;0;1;3;3;1;2;2;3;2;0;3;2;0;0;2;0;1;0;0;0;0;2;1;2;1;1;3;0;2;1;1;1;3;2;0;0;0;0;0;0;1;3
Trichoptera;LIMNEPHILIDAE;LIMNEPHILINAE;Phacopteryx;brevipennis;CURTIS, 1834;8012;Phacbrev;Phacopteryx brevipennis;;0;0;0;3;0;0;0;0;0;0;0;0;0;3;3;0;0;0;0;1;0;0;0;0;0;1;0;1;0;0;0;2;2;2;2;0;0;0;0;0;0;5;0;0;0;0;0;0;4;0;2;0;0;0;0;0;0;3;0;0;0;0;0;1;1;2;4;1;0;0;0;1;1;1;1;1;0;4;2;0;0;0;2;2;0;1;0;0;0;0;3;0;0;4;0;3;2;0;0;1;0;0;3;0;0;0;0;1;3;3;0;0;0;0;1;3;3;3
Turbellaria;PLANARIIDAE;[Fam:PLANARIIDAE];Phagocata;vitta;DUGES, 1830;13665;phagvitt;Phagocata vitta;;0;0;0;2;2;0;0;0;3;0;3;0;3;3;0;3;0;0;0;3;0;0;0;3;0;2;0;0;3;0;0;0;0;3;0;0;0;0;0;0;0;4;0;1;0;0;0;0;0;0;0;0;0;3;0;0;0;0;0;0;0;3;0;1;1;0;1;3;1;3;3;1;0;0;0;0;0;4;1;3;0;3;0;3;3;2;2;0;2;0;0;0;2;2;0;0;0;3;1;2;0;0;3;0;3;0;0;2;3;3;2;0;0;0;1;1;1;0
Diptera;CYLINDROTOMIDAE;CYLINDROTOMINAE;Phalacrocera;sp.;SCHINER, 1863;6383;Phalsp. ;Phalacrocera;;0;0;0;3;2;0;0;0;3;0;3;1;0;3;3;0;0;1;3;0;0;0;0;0;0;1;0;1;0;0;0;0;2;1;1;0;3;0;0;0;0;2;3;0;2;0;0;1;3;0;4;0;0;0;0;0;0;3;0;0;0;0;0;0;0;1;4;0;1;0;0;0;0;0;0;0;0;5;3;0;0;0;0;2;2;1;0;0;0;0;5;0;0;0;0;2;3;0;0;0;1;3;3;0;0;0;1;0;0;0;0;0;2;3;3;3;3;2
Trichoptera;PHILOPOTAMIDAE;[Fam:PHILOPOTAMIDAE];Philopotamus;sp.;;6388;Philsp. ;Philopotamus;;0;0;1;3;0;0;0;3;0;0;3;0;3;3;3;0;0;0;0;3;0;0;0;0;1;1;1;1;0;0;0;2;2;3;0;0;0;0;0;0;0;2;0;0;3;0;0;2;0;3;1;0;0;1;0;0;0;0;2;3;0;1;0;5;0;0;0;0;0;0;4;5;2;2;0;0;0;0;3;2;1;2;2;2;2;1;3;1;0;0;1;0;0;0;1;0;0;1;3;3;1;0;3;0;1;0;2;1;2;1;0;0;0;0;0;1;1;3
Trichoptera;PHRYGANEIDAE;[Fam:PHRYGANEIDAE];Phryganea;sp.;;6393;Phrysp. ;Phryganea;;0;0;0;0;3;0;0;3;0;0;3;1;3;3;3;0;0;0;0;3;1;0;0;0;2;2;1;3;0;0;0;3;0;2;3;0;0;0;0;0;0;5;0;0;0;0;0;0;1;3;1;1;3;2;0;0;0;3;1;0;0;1;0;1;2;3;1;0;2;0;0;0;1;0;1;1;1;4;2;1;0;0;2;2;2;0;1;0;0;0;3;0;0;2;0;3;2;0;0;3;3;1;3;1;0;0;3;0;3;3;0;0;1;1;1;1;1;3
Gastropoda;PHYSIDAE;[Fam:PHYSIDAE];Physa;fontinalis;LINNAEUS, 1758;6395;Physfont;Physa fontinalis;;0;0;1;3;0;0;0;3;1;0;3;0;3;0;0;3;0;0;0;3;0;0;0;0;2;1;0;0;0;0;0;1;1;3;1;0;0;0;0;2;0;4;0;0;0;0;0;0;3;5;1;1;0;1;0;0;0;1;3;0;0;0;0;0;2;5;1;1;0;0;0;1;2;3;3;3;1;5;3;0;0;3;3;3;3;3;3;1;0;1;5;1;0;1;2;3;1;0;0;1;2;2;3;3;0;2;3;0;1;3;2;0;0;0;0;0;1;3
Gastropoda;PHYSIDAE;[Fam:PHYSIDAE];Physella;sp.;HALDEMAN, 1843;8661;physelsp;Physella;;0;0;0;3;0;0;0;3;0;0;3;0;3;0;0;3;0;0;0;3;0;0;0;0;2;1;0;0;0;0;0;1;1;3;0;0;0;0;0;0;0;3;0;0;0;0;0;0;2;3;3;1;0;1;0;0;0;0;3;0;0;0;0;0;2;0;0;0;2;0;1;1;1;1;1;1;0;1;3;0;0;0;0;2;0;0;0;0;0;0;5;0;0;0;0;3;3;0;0;0;3;1;3;1;0;2;3;0;0;2;3;1;0;0;0;0;0;0
Oligochaeta;NAIDIDAE;[Fam:NAIDIDAE];Piguetiella;blanci;PIGUET, 1906;7990;Pigublan;Piguetiella blanci;;0;0;3;3;0;0;0;0;1;0;0;3;3;3;0;3;0;2;1;0;0;0;0;3;1;0;0;0;0;3;0;0;0;3;0;0;0;0;0;0;0;0;0;1;0;0;0;3;0;2;0;0;0;0;0;1;3;0;1;0;0;0;0;0;1;0;0;0;3;0;0;1;1;1;1;1;0;0;3;0;0;0;3;0;3;0;0;0;2;0;2;2;0;0;0;3;1;0;0;0;3;0;3;0;0;0;3;0;1;2;3;1;0;0;0;3;3;2
Hirudinea;PISCICOLIDAE;PISCICOLINAE;Piscicola;geometra;LINNAEUS, 1761;6408;Piscgeom;Piscicola geometra;;0;0;0;0;2;3;0;3;0;0;3;0;3;3;0;2;0;0;3;2;0;0;0;0;3;2;0;0;0;0;0;0;3;3;0;0;0;0;0;0;0;3;0;0;2;0;0;0;0;0;0;0;0;0;3;0;0;0;0;0;2;0;2;4;4;1;0;0;2;0;0;0;1;2;2;3;0;2;3;0;0;2;3;2;3;3;3;1;0;0;5;0;0;1;0;0;3;3;2;0;3;1;3;2;0;0;3;0;0;3;1;0;0;0;0;1;1;3
Bivalvia;SPHAERIIDAE;[Fam:SPHAERIIDAE];Pisidium;sp.;PFEIFFER, 1821;6425;Casesp. ;Pisidium;;0;3;2;1;0;0;0;2;3;0;3;3;3;3;0;3;3;0;0;0;0;0;0;0;3;1;1;0;1;0;0;1;0;1;3;0;0;0;0;0;0;1;4;1;2;0;0;3;0;5;0;0;2;0;0;0;0;0;0;3;0;0;0;0;3;2;1;1;2;0;1;2;3;3;3;3;0;3;3;2;2;3;3;3;3;3;1;1;4;4;3;0;1;3;4;2;2;1;0;3;1;1;3;1;1;0;3;0;3;2;1;0;0;1;2;3;3;3
Turbellaria;PLANARIIDAE;[Fam:PLANARIIDAE];Planaria;sp.;;6429;planarsp;Planaria;;0;0;0;3;0;0;0;0;3;0;3;0;3;3;0;3;0;0;0;3;0;0;0;0;0;2;0;0;3;2;0;0;0;3;0;0;0;0;0;0;0;5;0;0;0;0;0;0;0;0;0;0;0;3;0;0;0;0;0;0;0;3;0;0;1;0;0;0;2;0;0;2;2;1;1;1;0;1;3;0;0;0;0;0;1;0;3;0;0;0;1;0;0;0;0;0;2;1;1;1;3;2;3;0;2;0;0;0;0;3;2;0;0;0;0;1;1;2
Gastropoda;PLANORBIDAE;[Fam:PLANORBIDAE];Planorbarius;corneus;LINNAEUS, 1758;6431;Plancorn;Planorbarius corneus;;0;0;0;0;3;0;0;1;3;3;0;0;3;0;0;3;0;0;0;3;0;0;0;0;2;1;0;0;0;0;0;1;1;3;0;0;0;0;0;1;0;3;0;0;0;0;0;2;4;2;3;2;0;1;0;0;0;3;1;0;0;0;0;0;1;3;1;2;0;0;0;0;1;2;3;1;0;5;3;0;0;3;3;3;3;1;3;1;0;0;4;1;0;0;3;3;1;0;0;0;2;3;3;2;0;1;3;0;1;2;2;0;0;0;1;1;1;3
Gastropoda;PLANORBIDAE;[Fam:PLANORBIDAE];Planorbis;sp.;O.F. MÜLLER, 1774;9154;plrbissp;Planorbis;;0;0;0;3;0;0;0;3;0;0;3;1;3;0;0;3;0;0;0;3;0;0;0;0;2;1;0;0;0;0;1;1;0;3;2;0;0;0;0;2;0;4;0;0;0;0;0;0;3;2;2;1;0;0;0;0;0;1;2;0;0;0;0;1;3;3;2;1;1;0;1;1;1;3;3;1;0;4;3;1;0;3;3;3;3;3;3;1;1;1;5;1;0;2;3;3;1;0;0;0;3;2;3;2;0;1;3;0;1;3;1;0;0;0;0;0;1;3
Coleoptera;DYTISCIDAE;COLYMBETINAE;Platambus;maculatus Ad. / Lv.;LINNAEUS, 1758;11746 / 6437;PlatmaAd / Platmacu;Platambus maculatus;;0;0;3;0;0;0;0;0;3;0;3;1;3;3;0;2;0;0;0;3;0;0;0;0;2;1;0;3;0;0;0;0;3;1;0;0;3;0;1;0;3;3;0;0;0;0;0;0;0;0;0;0;1;3;1;0;0;3;0;0;3;0;0;1;3;0;0;0;0;0;0;0;1;4;4;1;0;0;3;1;0;3;3;3;3;3;0;1;1;1;2;0;0;1;0;3;3;0;0;0;3;1;3;0;0;0;3;0;1;2;3;0;0;0;2;2;2;3
Coleoptera;CHRYSOMELIDAE;DONACIINAE;Plateumaris;sp. (Ad.) /Lv.;;(11155) / 11156;(PlaspAd) / PlaspLv;Plateumaris;;0;0;0;3;0;0;0;1;3;0;3;0;3;3;3;0;0;0;0;3;0;0;0;0;0;0;0;3;0;3;0;0;0;1;0;0;3;0;0;0;0;0;3;0;3;0;0;0;0;0;3;0;0;0;0;0;0;3;0;0;0;0;0;0;1;2;2;0;2;0;0;0;0;0;0;0;0;5;3;1;0;3;3;3;3;3;0;0;0;0;5;0;0;0;0;3;0;0;0;0;0;3;3;0;0;0;3;0;0;0;0;0;0;0;0;0;0;3
Odonata;PLATYCNEMIDIDAE;PLATYCNEMIDINAE;Platycnemis;sp.;;9156;platycsp;Platycnemis;;0;0;0;3;0;0;0;0;2;2;3;0;3;3;0;0;0;0;0;0;0;3;0;0;1;1;0;3;0;0;0;2;2;1;3;0;0;0;0;0;0;5;0;0;0;0;0;0;0;0;0;0;3;3;0;0;0;0;0;0;0;3;0;0;3;2;0;0;2;0;0;1;1;2;3;3;0;2;3;0;0;2;1;1;2;2;0;0;0;1;2;0;2;1;5;2;3;1;0;1;2;0;3;0;0;0;3;0;1;3;2;0;0;0;0;1;1;3
Heteroptera;PLEIDAE;[Fam:PLEIDAE];Plea;minutissima minutissima;LEACH, 1817;8210;Pleaminu;Plea leachi;;1;3;0;0;0;0;0;3;0;0;3;0;3;3;0;2;0;0;0;0;0;3;0;0;0;2;0;2;0;0;0;1;0;0;0;0;3;0;0;0;5;0;0;0;0;0;0;0;0;0;3;0;3;0;0;0;0;0;0;0;3;0;0;0;2;2;2;0;1;0;1;0;0;1;1;0;2;3;3;0;0;1;1;1;1;1;0;0;0;0;4;0;0;0;1;3;1;0;0;0;3;2;3;2;0;0;3;0;0;2;1;0;0;0;1;1;1;3
Trichoptera;POLYCENTROPODIDAE;[Fam:POLYCENTROPODIDAE];Plectrocnemia;sp.;;6447;Plecsp. ;Plectrocnemia;;0;0;0;3;2;0;0;2;1;1;2;2;3;3;3;0;0;0;0;2;1;0;0;0;2;1;1;2;0;0;0;0;3;3;0;0;0;0;0;0;1;1;0;0;3;0;0;0;0;0;0;0;1;3;0;0;0;0;0;1;0;3;0;2;2;1;1;1;1;0;2;3;2;1;0;0;0;3;3;2;2;2;2;2;2;2;4;1;1;0;3;0;1;1;1;2;3;0;0;3;1;0;3;0;1;0;3;2;2;1;0;0;1;1;2;3;3;3
Bryozoa;PLUMATELLIDAE;[Fam:PLUMATELLIDAE];Plumatella;sp.;;6461;Plumsp. ;Plumatella;;0;0;0;0;2;3;2;3;0;3;0;0;3;3;0;3;3;0;0;0;0;0;0;3;3;1;0;0;3;0;0;0;0;3;0;0;0;0;0;0;1;0;0;0;0;3;0;1;0;3;0;0;3;0;0;0;0;0;0;3;0;0;0;0;3;2;0;0;2;0;0;1;1;2;3;2;0;2;3;2;0;3;3;3;3;1;3;0;0;0;4;0;4;1;0;3;3;1;0;1;3;3;3;1;0;0;3;0;1;3;2;0;0;2;3;3;1;0
Diptera;CHIRONOMIDAE;PODONOMINAE;Podonominae;Gen. sp.;;9331;PodoGen.;Podonominae;;0;0;3;0;0;0;0;3;0;0;0;0;0;3;3;0;0;0;0;1;3;0;0;0;2;1;1;1;0;0;0;0;3;3;1;0;0;0;0;0;1;2;3;0;0;0;0;1;0;1;0;0;3;0;0;0;0;0;2;0;0;3;0;0;2;0;0;0;1;0;3;3;1;1;0;0;0;1;0;3;0;0;2;0;0;1;0;0;0;0;2;0;0;0;0;0;0;1;2;0;0;0;3;0;3;0;0;2;3;1;0;0;0;0;0;0;0;0
Turbellaria;PLANARIIDAE;[Fam:PLANARIIDAE];Polycelis;sp.;;7744;poelissp;Polycelis;;0;0;1;3;0;0;0;0;3;0;3;0;3;3;0;3;0;0;0;2;0;0;0;1;1;2;0;0;3;0;0;0;0;3;0;0;0;0;0;1;0;5;0;1;0;0;0;0;0;0;0;1;0;3;0;0;0;0;0;0;0;3;0;2;3;3;1;1;2;1;1;4;2;2;1;1;0;3;3;1;1;3;3;3;3;3;3;0;0;0;3;0;3;2;0;2;3;2;0;1;2;1;3;1;1;2;2;0;2;2;0;0;1;1;1;1;2;3
Trichoptera;POLYCENTROPODIDAE;[Fam:POLYCENTROPODIDAE];Polycentropus;sp.;;6472;poopussp;Polycentropus;;0;0;1;3;0;0;0;3;1;1;3;2;3;3;3;0;0;0;0;3;0;0;0;0;1;1;1;2;0;0;0;1;3;3;0;0;0;0;0;0;1;1;0;0;3;0;0;1;1;3;1;0;3;4;0;0;0;1;0;1;0;3;0;2;4;0;0;1;2;0;1;2;3;3;4;4;2;3;3;1;1;2;2;2;2;2;4;1;1;0;3;0;2;0;1;2;3;2;0;2;2;1;3;1;0;0;3;1;3;3;1;0;0;0;2;3;3;3
Coleoptera;DRYOPIDAE;[Fam:DRYOPIDAE];Pomatinus;substriatus Ad. / Lv.;MÜLLER, 1806;11623 / 11624;PomsubAd / PomsubLv;Pomatinus substriatus;;0;3;0;0;0;0;0;1;3;0;3;0;1;3;0;2;0;0;0;0;0;0;3;0;0;1;0;3;0;0;0;0;3;3;0;3;2;0;1;0;0;3;3;0;0;0;0;0;3;3;0;0;0;0;0;0;0;3;3;0;0;0;0;2;2;0;0;0;0;0;0;1;4;4;1;0;0;0;3;1;0;3;3;3;3;3;1;3;1;0;1;0;3;0;0;0;1;2;1;1;3;0;3;0;0;0;3;0;3;3;0;0;0;0;0;0;1;3
Coleoptera;DYTISCIDAE;HYDROPORINAE;Porhydrus;lineatus Ad. / Lv.;FABRICIUS, 1775;12015 / 6507;PorhliAd / Porhline;Porhydrus lineatus;;0;3;0;0;0;0;0;1;3;0;1;3;3;3;0;2;0;0;0;3;0;0;0;0;0;1;0;3;0;0;0;0;3;1;0;0;3;0;1;0;3;3;0;0;0;0;0;0;0;0;0;0;2;3;0;0;0;3;0;0;3;0;0;0;0;3;3;0;1;0;0;0;0;0;0;0;0;5;3;0;0;3;3;3;3;3;0;0;0;0;3;0;0;3;3;3;0;0;0;0;1;3;3;0;0;0;3;0;1;2;2;0;0;0;2;2;2;3
Ephemeroptera;POTAMANTHIDAE;[Fam:POTAMANTHIDAE];Potamanthus;luteus;LINNAEUS, 1767;6510;Potalute;Potamanthus luteus;;0;0;0;3;0;0;0;3;0;0;3;0;3;3;0;0;0;0;1;0;0;0;0;0;2;1;1;3;0;0;0;1;2;1;3;0;0;0;0;0;1;4;1;2;0;0;0;3;3;2;1;0;0;0;0;0;2;3;0;0;0;0;0;2;3;0;0;0;0;0;0;0;0;0;4;2;0;0;3;0;0;3;3;3;3;0;3;3;2;1;0;0;0;3;2;2;3;2;1;0;2;2;3;0;0;0;3;0;0;3;2;0;0;0;0;0;0;3
Crustacea;POTAMIDAE;[Fam:POTAMIDAE];Potamon;sp.;;13691;Potasp. ;Potamon ibericum;;0;0;0;0;0;3;0;0;3;0;3;0;3;3;0;2;3;0;0;0;0;0;0;0;0;1;0;0;0;0;0;0;3;0;3;0;0;0;0;0;0;2;3;0;0;0;0;0;2;0;1;2;0;3;0;0;0;3;0;0;0;3;0;0;3;0;0;0;0;0;0;0;0;0;0;0;0;3;3;0;0;0;0;0;0;3;3;0;0;0;3;0;0;2;0;3;2;0;0;3;0;0;3;2;0;3;2;0;0;0;0;0;0;0;0;0;0;0
Coleoptera;ELMIDAE;LARAINAE;Potamophilus;acuminatus Ad. / Lv.;FABRICIUS, 1792;12124 / 7830;PotaacAd / Potaacum;Potamophilus acuminatus;;0;0;3;0;0;0;0;1;3;0;3;0;3;3;0;2;0;0;0;3;0;0;0;0;1;1;0;3;0;0;0;0;3;1;3;1;3;0;2;0;0;3;3;0;0;0;0;0;3;3;0;0;0;0;0;0;0;3;3;0;0;0;0;3;3;0;0;0;0;0;0;0;1;4;4;1;0;0;3;0;0;3;3;3;3;3;3;1;0;0;1;0;3;0;0;0;2;2;1;0;3;0;3;0;0;0;3;0;0;0;0;0;0;0;0;0;0;3
Gastropoda;HYDROBIIDAE;[Fam:HYDROBIIDAE];Potamopyrgus;antipodarum;GRAY, 1843;8251;Potaanti;Potamopyrgus jenkinsi;;0;3;2;0;0;0;0;3;1;0;1;3;3;0;0;3;3;0;0;0;0;0;0;0;3;2;2;0;0;0;0;1;0;1;3;0;0;0;0;0;0;3;1;0;0;0;0;0;4;2;3;0;0;0;0;0;0;3;2;0;0;0;0;2;3;1;0;0;1;0;0;0;0;0;2;4;3;2;3;0;0;3;3;2;3;3;3;2;1;1;3;3;0;0;4;2;3;3;0;0;2;3;2;3;0;1;3;0;0;2;2;1;0;0;0;0;0;3
Oligochaeta;TUBIFICIDAE;[Fam:TUBIFICIDAE];Potamothrix;moldaviensis;VEJDOVSK_ & MRAZEK, 1902;6533;Potamold;Potamothrix moldaviensis;;0;0;0;1;1;3;0;0;1;0;0;3;3;3;0;3;0;0;0;3;0;0;0;1;1;0;0;0;0;1;0;0;3;3;0;0;0;0;0;0;0;0;3;1;0;0;1;3;0;1;0;0;0;0;0;1;3;0;0;0;0;0;0;2;3;1;0;0;3;0;1;1;1;2;2;2;0;3;3;0;0;0;3;3;3;0;1;2;3;2;0;0;1;1;3;2;3;3;2;0;2;3;3;2;0;1;3;0;0;2;3;1;0;0;0;1;1;3
Bivalvia;UNIONIDAE;PSILUNIONINAE;Potomida (Psilunio);littoralis;CUVIER, 1798;?;?;Potomida littoralis;;0;0;0;0;0;0;3;0;3;0;3;0;3;3;0;3;3;0;0;0;0;0;0;0;3;1;0;0;0;0;0;0;3;1;3;0;0;0;0;0;0;0;3;0;1;0;0;0;3;3;2;0;3;0;3;0;0;0;0;3;3;0;3;2;2;1;0;0;0;0;0;0;0;2;3;3;0;0;3;0;0;3;3;3;3;3;0;0;5;3;0;0;0;0;3;0;1;2;0;2;0;0;3;1;0;0;3;0;3;0;0;0;0;0;0;0;0;3
Oligochaeta;NAIDIDAE;[Fam:NAIDIDAE];Pristina/Pristinella;sp.;? / BRINKHURST, 1984;6560 / 6561;prtinasp / prellasp;Pristina/Pristinella;;0;3;1;0;0;0;0;0;1;0;0;3;3;3;0;3;0;2;1;0;0;0;0;3;1;1;0;0;0;3;0;0;0;3;0;0;0;0;0;0;2;0;0;1;0;0;0;2;0;2;0;0;0;0;0;0;2;0;0;0;0;0;0;0;3;2;0;0;2;2;1;1;1;1;2;2;0;0;3;0;0;0;2;3;3;0;2;3;2;1;2;0;0;3;2;3;2;2;0;1;2;2;3;0;0;0;3;0;2;3;3;0;0;0;0;3;3;2
Crustacea;ASELLIDAE;[Fam:ASELLIDAE];Proasellus;sp.;;9166;Proasp. ;Proasellus;;0;0;3;0;0;0;0;1;3;0;1;2;3;3;0;3;3;0;0;0;0;0;0;0;3;0;0;0;0;0;0;2;2;0;3;0;0;0;0;0;0;3;0;2;0;0;0;1;3;1;1;0;0;0;0;0;0;3;0;0;0;0;0;3;3;2;0;2;0;0;3;3;1;1;1;1;1;3;3;0;0;0;0;2;2;2;0;3;0;0;4;3;0;0;0;3;2;1;0;1;3;1;3;1;0;0;3;0;0;1;3;0;1;1;2;2;2;3
Crustacea;CAMBARIDAE;[Fam:CAMBARIDAE];Procambarus;clarkii;GIRARD, 1852;10709;Procclar;Procambarus clarkii;;0;0;0;0;0;0;3;0;3;0;3;0;3;3;0;2;3;0;0;3;0;0;0;0;0;1;0;0;0;0;0;0;3;0;3;0;0;0;0;0;0;1;3;0;0;0;0;0;0;0;3;0;0;0;2;0;0;3;0;0;0;3;0;0;0;1;3;1;0;0;0;0;0;0;0;0;0;3;3;0;0;0;0;0;2;1;0;0;0;0;3;0;0;0;0;3;0;0;0;0;1;3;3;0;0;0;3;0;0;0;3;0;0;0;0;0;0;0
Ephemeroptera;BAETIDAE;CLOEONINAE;Procloeon;bifidum;BENGTSSON, 1912;6574;Procbifi;Procloëon bifidum;;0;0;3;0;0;0;0;3;0;0;1;3;3;3;0;0;0;0;3;0;0;0;0;0;1;2;1;2;3;0;0;0;0;1;2;0;0;0;0;0;3;1;0;0;0;0;0;1;0;2;0;0;0;0;0;0;1;0;2;0;0;0;0;0;3;1;0;0;1;0;0;0;1;3;3;0;0;2;3;1;1;1;1;1;3;0;0;0;3;1;2;0;0;0;0;1;3;0;0;0;3;2;3;0;0;0;3;0;1;2;2;0;0;0;0;0;1;3
Oligochaeta;PROPAPPIDAE;[Fam:PROPAPPIDAE];Propappus;volki;MICHAELSEN, 1916;6586;Propvolk;Propappus volki;;0;0;0;0;3;3;0;0;1;0;0;3;3;3;0;3;0;0;0;3;0;0;0;0;2;0;0;0;0;1;0;0;3;3;0;0;0;0;0;0;0;0;0;3;0;0;1;3;0;1;0;0;0;0;0;1;3;0;0;0;0;0;0;0;2;0;0;0;0;2;1;1;1;1;2;1;0;0;3;0;0;0;0;2;2;0;2;4;1;0;0;0;0;0;0;0;2;3;3;0;1;0;3;0;3;0;0;1;2;3;1;0;0;0;0;3;3;2
Diptera;SIMULIIDAE;SIMULIINAE;Prosimuliini;Gen. sp.;;?;?;Prosimuliinae;;0;0;1;0;0;0;0;3;0;0;2;3;2;3;3;0;0;1;0;3;1;0;1;0;2;1;3;1;1;0;0;1;0;3;1;0;0;0;0;0;0;2;0;1;4;0;0;2;0;1;0;0;0;0;0;0;0;0;1;3;0;0;0;5;3;0;0;0;0;0;1;2;2;2;0;0;0;0;1;3;2;1;2;2;2;2;4;0;0;0;4;0;0;1;0;0;0;2;3;3;0;0;3;0;3;2;3;1;3;3;0;0;0;0;1;3;2;2
Ephemeroptera;PROSOPISTOMATIDAE;[Fam:PROSOPISTOMATIDAE];Prosopistoma;pennigerum;MUELLER, 1785;13694;Prospenn;Prosopistoma foliaceum;;0;1;3;0;0;0;0;3;0;0;3;0;3;3;0;0;0;1;0;1;0;0;0;0;1;1;1;1;0;0;0;0;3;1;3;0;0;0;0;0;0;5;0;0;0;0;0;0;2;2;0;1;0;4;0;0;0;2;1;0;0;2;0;2;1;0;0;0;0;0;0;0;0;2;2;0;0;0;3;0;0;0;1;1;1;0;3;0;0;0;2;0;1;0;0;0;0;1;3;0;1;0;3;0;0;0;3;1;3;1;0;0;0;0;0;0;0;3
Trichoptera;RHYACOPHILIDAE;[Fam:RHYACOPHILIDAE];Rhyacophila (Prosrhyacophila);laevis;PICTET, 1834;6769;Rhyalaev;Prosrhyacophila laevis;;0;0;2;2;0;0;0;0;0;0;1;0;3;3;3;0;0;0;3;0;0;0;0;0;3;2;1;2;0;0;0;0;3;2;2;0;0;0;0;0;2;3;0;0;1;0;0;0;0;3;0;0;1;0;0;0;0;0;0;0;0;3;0;0;5;0;0;0;0;0;3;1;0;0;0;0;0;0;2;2;0;3;3;3;0;0;4;0;0;0;2;0;2;0;0;0;1;3;1;3;0;0;3;0;3;0;0;2;3;0;0;0;0;0;0;0;0;0
Nemertia;TETRASTEMMATIDAE;[Fam:TETRASTEMMATIDAE];Prostoma;graecense;(BÖHMIG, 1892);?;?;Prostoma graecense;;0;0;0;3;0;0;0;0;3;0;3;0;3;0;0;3;0;0;0;3;0;0;0;0;0;3;0;0;0;3;0;0;3;3;0;0;0;0;0;0;2;0;0;0;0;0;0;1;0;0;0;1;0;5;0;0;0;0;0;0;0;3;0;2;3;3;0;0;2;0;0;0;0;1;1;0;0;1;3;0;0;3;3;3;3;0;3;3;0;0;3;0;1;3;2;2;2;3;0;0;1;1;3;0;1;0;3;0;0;1;1;0;0;0;0;0;0;3
Plecoptera;NEMOURIDAE;[Fam:NEMOURIDAE];Protonemura;sp.;;6616;protonsp;Protonemura;;0;0;3;1;0;0;0;3;0;0;3;0;3;3;0;0;0;0;3;0;0;0;0;0;2;2;0;1;1;0;0;1;3;3;2;0;0;0;0;0;0;5;0;0;0;0;0;1;2;1;0;0;0;0;0;0;0;3;0;0;0;0;0;5;2;0;0;1;1;0;4;5;1;1;1;0;0;1;3;3;1;3;3;2;2;0;4;0;1;0;4;0;1;2;0;0;2;2;2;3;0;0;3;0;2;0;1;3;3;0;0;0;1;2;3;3;3;3
Bivalvia;UNIONIDAE;ANODONTINAE;Pseudanodonta;sp.;BOURGUIGNAT, 1877;9169;pseudasp;Pseudanodonta;;0;0;0;0;0;0;3;0;3;0;3;0;3;3;0;3;3;0;0;0;0;0;0;0;3;1;0;0;0;0;0;0;3;1;3;0;0;0;0;0;0;0;3;0;1;0;0;0;3;3;2;0;3;0;3;0;0;0;0;3;3;0;3;0;2;0;0;0;1;0;0;0;0;2;3;3;0;0;3;0;0;3;3;3;3;3;0;0;5;4;0;0;0;0;4;1;3;0;0;2;0;0;3;1;0;0;3;0;1;3;0;0;0;0;0;0;0;3
Ephemeroptera;BAETIDAE;CLOEONINAE;Pseudocentroptilum;pennulatum;EATON, 1870;16607;pseupenn;Pseudocentroptilum pennulatum;;0;0;3;0;0;0;0;3;0;0;2;3;3;3;0;0;0;0;3;0;0;0;0;0;2;2;1;2;3;0;0;0;0;1;2;0;0;0;0;0;3;1;0;0;0;0;0;1;0;2;0;0;0;0;0;0;1;0;2;0;0;0;0;0;3;0;0;0;0;0;0;2;2;4;2;0;0;0;3;0;0;0;2;2;0;2;0;0;3;1;1;0;0;0;0;0;3;0;0;0;3;1;3;0;0;1;3;0;0;3;3;0;0;0;1;2;3;3
Trichoptera;DIPSEUDOPSIDAE;[Fam:DIPSEUDOPSIDAE];Pseudoneureclipsis;lusitanicus;MALICKY, 1980;?;?;Pseudoneureclipsis lusitanicus;;0;0;3;0;0;0;0;0;0;0;0;0;3;3;3;0;0;0;0;0;0;0;0;0;0;0;0;0;0;0;0;0;0;3;0;0;0;0;0;0;0;0;1;0;0;0;0;2;0;1;0;0;0;0;0;0;0;0;0;0;0;0;0;0;1;0;0;0;0;0;0;0;0;0;1;0;0;0;1;0;0;0;0;0;1;0;0;1;1;0;0;0;0;0;0;0;0;1;0;0;1;0;1;0;0;0;1;0;0;1;0;0;0;0;0;0;0;0
Diptera;PSYCHODIDAE;[Fam:PSYCHODIDAE];Psychodidae;Gen. sp.;;8753;psydidGe;Psychodidae;;0;0;3;0;0;0;0;3;0;0;1;3;2;2;2;0;1;0;1;3;0;0;0;0;3;1;0;1;0;0;0;0;3;0;0;0;3;0;0;1;0;2;0;0;0;0;0;2;4;2;1;2;0;0;0;0;2;3;1;0;0;0;0;0;4;2;1;2;0;0;1;2;2;2;0;0;2;2;3;1;1;2;2;2;2;2;4;2;2;1;5;0;3;4;3;2;3;1;1;1;3;3;3;1;0;0;3;0;1;2;3;2;0;1;2;2;3;3
Trichoptera;PSYCHOMYIIDAE;[Fam:PSYCHOMYIIDAE];Psychomyia;pusilla;FABRICIUS, 1781;6661;Psycpusi;Psychomyia pusilla;;0;1;3;0;0;0;0;3;0;0;1;3;3;3;3;0;0;0;0;3;0;0;0;0;1;1;1;1;0;0;0;0;3;3;0;0;0;0;0;0;0;2;0;0;3;1;0;1;0;5;1;0;1;0;0;0;1;0;3;2;0;0;0;3;4;0;0;0;2;0;1;2;2;4;4;3;2;1;3;0;0;3;3;3;3;1;5;1;1;0;2;0;3;0;0;1;3;2;1;1;3;0;3;0;0;0;3;0;1;3;2;0;0;0;1;1;2;3
Trichoptera;GLOSSOSOMATIDAE;[Fam:GLOSSOSOMATIDAE];Ptilocolepus;granulatus;PICTET, 1834;6665;Ptilgran;Ptilocolepus granulatus;;0;1;3;0;0;0;0;3;0;0;1;1;3;3;3;0;0;0;0;3;0;0;0;0;1;1;2;1;0;0;0;0;3;3;0;0;0;0;0;0;0;5;0;0;0;0;0;1;0;2;3;0;0;0;0;0;0;1;1;0;1;0;0;0;3;1;0;0;0;0;2;2;1;0;0;0;0;1;2;3;0;2;2;2;2;2;0;0;0;0;3;0;0;0;1;0;3;2;1;3;0;0;3;0;2;0;0;3;1;0;0;0;0;0;0;0;0;0
Diptera;PTYCHOPTERIDAE;[Fam:PTYCHOPTERIDAE];Ptychopteridae;Gen. sp.;;9319;PtycGen.;Ptychopteridae;;0;0;0;0;3;1;0;3;0;0;3;2;3;3;3;0;0;2;3;0;0;0;0;0;2;1;0;1;0;0;0;3;0;1;1;0;3;0;0;0;1;2;4;0;0;0;1;2;4;2;2;0;0;0;0;0;3;2;0;0;0;0;0;0;2;4;5;0;2;0;2;1;1;0;0;0;0;2;3;0;0;1;3;3;3;1;0;0;1;1;1;0;0;5;4;3;3;0;0;0;0;3;3;0;0;1;2;0;0;1;3;2;1;1;1;2;2;3
Odonata;COENAGRIONIDAE;COENAGRIONINAE;Pyrrhosoma;nymphula;SULZER, 1776;6667;Pyrrnymp;Pyrrhosoma nymphula;;0;0;0;3;0;0;0;3;2;2;2;1;3;3;0;0;0;0;0;0;0;3;0;0;2;1;0;3;0;0;0;0;3;1;3;0;0;0;0;0;1;4;0;0;0;0;0;0;0;0;0;0;1;4;0;0;0;0;0;0;0;3;0;0;2;2;2;1;2;0;0;1;1;1;0;1;0;3;3;1;0;1;1;1;1;1;0;0;0;0;2;0;2;1;3;3;2;1;0;2;2;0;3;1;0;0;3;0;2;3;2;0;1;1;2;3;3;3
Gastropoda;LYMNAEIDAE;[Fam:LYMNAEIDAE];Radix;sp.;MONTFORT, 1810;6673;Radisp. ;Radix;;0;0;0;1;3;0;0;2;3;0;3;0;3;0;0;3;0;0;0;3;0;0;0;0;2;1;0;0;0;0;0;2;0;3;0;0;0;0;0;1;0;3;0;0;0;0;0;0;3;5;3;1;3;1;0;0;0;1;3;0;0;0;0;0;3;2;0;1;0;0;1;2;3;2;3;1;0;2;3;3;1;3;3;3;3;3;3;1;1;1;5;1;0;0;3;3;3;0;0;0;3;1;3;2;0;0;3;0;1;3;2;0;0;0;0;1;2;3
Heteroptera;NEPIDAE;RANATRINAE;Ranatra;linearis;LINNAEUS, 1758;6674;Ranaline;Ranatra linearis;;0;0;0;0;3;0;0;2;2;0;3;0;3;3;0;2;0;0;0;0;0;3;0;0;1;3;0;2;2;0;0;2;0;1;0;0;3;0;0;0;1;4;0;0;0;0;0;0;0;0;0;0;0;3;3;0;0;0;0;0;3;1;0;0;2;3;0;0;2;0;0;0;0;1;1;1;0;3;3;0;0;1;1;1;1;1;0;0;0;0;4;0;0;0;1;3;1;0;0;0;3;0;3;0;0;0;3;0;0;3;0;0;0;0;1;1;1;3
Ephemeroptera;BAETIDAE;CLOEONINAE;Raptobaetopus;tenellus;ALBARDA, 1878;6675;Rapttene;Raptobaetopus tenellus;;0;0;3;0;0;0;0;3;0;0;3;0;3;3;0;0;0;0;0;3;0;0;0;0;3;2;1;2;0;0;0;0;3;1;2;0;0;0;0;0;3;1;0;0;0;0;0;0;0;0;0;0;1;5;0;0;0;3;0;0;0;3;0;2;2;0;0;0;0;0;0;0;1;3;3;0;0;0;3;0;0;1;2;0;3;0;3;2;0;0;1;0;0;0;0;0;0;2;1;0;3;2;3;0;0;0;3;0;0;3;1;0;0;0;0;0;1;3
Plecoptera;TAENIOPTERYGIDAE;[Fam:TAENIOPTERYGIDAE];Rhabdiopteryx;sp.;;6682;rheryxsp;Rhabdiopteryx;;0;0;3;3;0;0;0;3;0;0;3;0;3;3;0;0;0;0;3;0;0;0;0;0;2;2;0;1;0;0;0;0;3;3;0;0;0;0;0;0;0;5;0;0;0;0;0;1;0;0;2;0;0;0;0;0;0;2;0;0;0;0;0;0;3;0;0;0;1;0;0;2;3;1;1;1;0;1;3;2;2;0;3;2;2;1;3;3;0;0;1;0;1;0;0;0;0;3;0;2;2;1;3;0;1;0;3;1;3;3;0;0;0;0;1;2;3;3
Coleoptera;DYTISCIDAE;COLYMBETINAE;Rhantus;sp. Ad. / Lv.;;11758 / 6694;RhanspAd / Rhansp. ;Rhantus;;0;0;1;3;0;0;0;0;3;0;3;1;3;3;0;2;0;0;0;3;0;0;0;0;0;1;0;3;0;0;0;0;3;1;0;0;3;0;1;0;3;3;0;0;0;0;0;0;0;0;0;0;1;3;1;0;0;3;0;0;3;0;0;0;1;2;2;0;1;0;0;0;0;0;0;0;0;5;3;1;0;3;3;3;3;3;0;0;0;0;3;0;0;3;3;3;0;0;0;0;1;3;3;0;0;0;3;0;0;3;3;0;1;1;1;1;1;2
Ephemeroptera;HEPTAGENIIDAE;HEPTAGENIINAE;Rhithrogena;sp.;;6747;rhithrsp;Rhithrogena;;0;0;1;3;0;0;0;3;1;1;3;0;3;3;0;0;0;1;1;3;0;0;0;0;3;2;1;3;2;0;0;0;2;1;3;0;0;0;0;0;1;5;0;1;0;0;0;1;0;3;1;0;0;0;0;0;1;0;3;0;0;0;0;4;1;0;0;0;0;0;1;2;3;3;2;0;0;0;3;3;2;3;3;2;2;0;5;2;1;0;0;0;0;1;0;0;0;2;3;3;1;0;3;0;2;0;1;2;3;2;0;0;0;0;0;0;1;3
Trichoptera;RHYACOPHILIDAE;[Fam:RHYACOPHILIDAE];Rhyacophila;sp.;;6780;rhyilasp;Rhyacophila;;0;0;1;3;2;0;0;3;2;1;2;1;3;3;3;0;0;0;3;0;1;0;0;0;3;2;1;2;1;0;0;2;3;2;2;0;0;0;0;0;2;3;0;0;1;0;0;1;1;1;0;0;1;5;0;0;0;0;0;0;0;3;0;4;2;0;0;1;1;0;2;4;3;2;1;1;0;1;3;3;2;2;2;2;2;2;5;1;1;0;1;0;2;1;0;0;1;3;2;3;2;0;3;0;1;1;3;2;3;2;1;0;1;1;2;3;3;3
Coleoptera;ELMIDAE;ELMINAE;Riolus;sp. Ad. / Lv.;;12117 / 6797;RiolspAd / Riolsp. ;Riolus;;0;3;0;0;0;0;0;1;3;0;3;0;3;3;0;2;0;0;0;3;0;0;0;0;2;1;0;2;0;0;0;0;3;1;3;3;0;0;1;0;0;4;0;0;0;0;0;1;0;3;0;0;0;0;0;0;0;1;3;0;0;0;0;3;3;0;0;0;0;0;1;3;3;3;1;0;0;0;3;1;0;3;3;3;3;3;3;3;1;0;2;0;0;0;0;0;3;3;3;3;2;0;3;0;0;0;3;0;2;3;0;0;0;0;0;0;0;3
Oligochaeta;NAIDIDAE;[Fam:NAIDIDAE];Ripistes;parasita;SCHMIDT, 1847;6799;Ripipara;Ripistes parasita;;1;3;3;0;0;0;0;0;1;0;0;3;3;3;0;3;0;2;1;0;0;0;0;3;1;0;0;0;0;3;0;0;0;3;0;0;0;0;0;0;0;0;0;0;1;0;1;3;0;1;0;0;0;0;0;0;3;0;1;0;0;0;0;0;1;3;0;0;3;0;0;1;1;1;1;1;0;3;3;0;0;0;0;3;3;0;0;0;0;0;3;0;0;3;0;2;1;1;0;1;3;1;3;0;0;1;3;0;1;3;0;0;0;0;0;0;1;3
Coleoptera;DYTISCIDAE;HYDROPORINAE;Scarodytes;halensis Ad. / Lv.;FABRICIUS, 1787;12022 / 6810;ScarhaAd / Scarhale;Scarodytes halensis;;0;3;0;0;0;0;0;1;3;0;1;3;3;3;0;2;0;0;0;3;0;0;0;0;0;1;0;3;0;0;0;0;3;1;0;0;3;0;1;0;3;3;0;0;0;0;0;0;0;0;0;0;2;3;0;0;0;3;0;0;3;0;0;0;1;3;1;0;1;0;0;0;0;0;0;0;0;5;3;0;0;3;3;3;3;3;0;0;0;0;3;0;0;3;3;3;1;0;0;0;1;3;3;0;0;0;3;0;1;3;1;0;0;0;0;0;1;2
Trichoptera;SERICOSTOMATIDAE;[Fam:SERICOSTOMATIDAE];Schizopelex;furcifera;McLACHLAN, 1880;?;?;Schizopelex furcifera;;0;0;0;3;0;0;0;0;0;0;0;0;3;3;3;0;0;0;0;3;0;0;0;0;2;1;1;1;0;0;0;0;1;2;2;0;0;0;0;0;0;5;0;0;0;0;0;0;3;0;3;0;0;0;0;0;0;3;0;0;0;0;0;0;2;0;0;0;0;0;2;2;3;1;0;0;0;0;2;1;0;3;0;0;0;0;2;2;2;0;0;0;0;0;0;0;2;1;0;2;0;0;3;0;0;0;0;0;3;2;0;0;0;0;0;0;0;0
Diptera;SCIOMYZIDAE;[Fam:SCIOMYZIDAE];Sciomyzidae;Gen. sp.;;9600;ScioGen.;Sciomyzidae;;0;0;0;3;0;0;0;3;1;0;1;3;2;2;1;0;0;0;0;2;0;0;1;0;0;1;1;1;0;0;0;3;1;1;0;0;3;0;0;2;0;0;1;0;3;0;0;0;0;0;0;0;0;5;0;0;0;0;0;0;3;0;2;0;1;3;1;3;1;0;1;2;2;2;0;0;2;4;3;0;0;1;2;2;3;2;0;0;0;0;4;2;0;0;1;3;2;0;0;1;1;1;3;1;1;2;3;0;0;0;0;0;0;0;0;1;1;2
Coleoptera;SCIRTIDAE;[Fam:SCIRTIDAE];Scirtes;sp. (Ad.) / Lv.;;(14067) / 14068;(ScispAd) / ScispLv;Scirtes;;0;3;0;0;0;0;0;1;3;0;3;0;3;3;0;0;0;0;0;0;0;0;3;0;0;1;0;3;0;0;0;0;3;1;3;0;0;0;0;0;0;5;0;0;0;0;0;1;0;3;0;0;0;0;0;0;0;1;3;0;0;0;0;0;0;2;2;0;0;0;0;0;0;0;0;0;0;5;3;0;0;3;3;3;3;3;0;0;0;0;3;1;0;3;3;3;0;0;0;0;0;2;3;2;0;0;3;0;0;0;0;0;1;1;2;3;3;3
Gastropoda;PLANORBIDAE;[Fam:PLANORBIDAE];Segmentina;nitida;FLEMING, 1818;6812;Segmniti;Segmentina  nitida;;0;0;3;0;0;0;0;3;0;0;3;0;3;0;0;3;0;0;0;3;0;0;0;0;2;1;0;0;0;0;0;1;1;3;0;0;0;0;0;1;0;3;0;0;0;0;0;0;1;1;3;1;0;0;0;0;0;1;2;0;0;0;0;0;1;4;0;1;0;0;2;1;1;2;3;1;0;5;3;0;0;2;2;2;2;2;3;2;2;0;3;1;0;0;3;3;1;0;0;1;3;1;3;1;0;1;3;0;1;1;1;0;0;1;1;1;1;3
Trichoptera;SERICOSTOMATIDAE;[Fam:SERICOSTOMATIDAE];Sericostoma;sp.;;6818;Serisp. ;Sericostoma;;0;0;0;3;0;0;0;3;1;2;3;1;3;3;3;0;0;0;0;3;0;0;0;0;2;1;1;1;0;0;0;1;3;2;2;0;0;0;0;0;0;4;1;1;0;0;0;0;3;1;2;0;1;1;0;0;0;3;1;0;0;0;0;2;3;1;0;1;1;0;1;4;3;2;1;0;0;2;2;2;1;2;2;2;2;2;3;2;2;2;2;0;4;5;0;0;3;2;1;3;2;0;3;0;0;0;3;1;2;2;0;0;0;1;1;2;3;3
Trichoptera;LEPTOCERIDAE;[Fam:LEPTOCERIDAE];Setodes;sp.;;9187;Setosp. ;Setodes;;0;0;3;0;0;0;0;3;0;0;3;0;3;3;3;0;0;0;0;3;0;0;0;0;1;1;1;2;0;0;0;0;3;3;2;0;0;0;0;0;1;3;1;0;0;0;0;2;0;1;4;0;1;0;0;0;0;3;1;0;0;0;0;1;3;1;0;0;2;0;0;1;1;3;4;2;0;1;3;0;0;2;2;2;2;1;3;0;3;0;2;0;0;1;0;1;2;2;0;0;1;2;3;0;0;0;1;0;1;3;0;0;0;0;1;3;3;3
Megaloptera;SIALIDAE;[Fam:SIALIDAE];Sialis;sp.;;6823;Sialsp. ;Sialis;;0;0;0;3;2;0;0;0;3;3;1;0;0;3;0;0;0;0;0;3;0;0;3;0;0;2;0;1;0;0;0;0;0;0;3;0;1;0;0;0;1;4;3;0;0;0;0;1;1;0;0;1;1;5;0;0;0;0;0;0;0;3;0;2;4;2;1;0;2;0;1;2;2;2;1;1;0;2;3;3;2;3;3;3;3;2;1;3;3;3;1;0;0;2;2;3;3;2;0;2;3;1;3;1;1;0;0;0;0;3;3;0;1;2;3;3;3;3
Coleoptera;DYTISCIDAE;HYDROPORINAE;Siettitia;sp. Ad. / Lv.;;?;?;Siettitia;;0;3;0;0;0;0;0;0;3;0;3;0;3;3;0;3;0;0;0;3;0;0;0;0;0;1;0;0;0;0;0;0;3;1;0;0;3;0;0;0;0;2;0;3;0;0;0;0;0;0;0;0;2;3;0;0;0;3;0;0;3;0;0;1;1;0;0;0;0;3;0;0;0;0;0;0;0;5;3;0;0;0;1;0;0;3;0;3;3;0;0;0;0;0;0;3;1;0;0;3;1;0;3;0;3;0;0;0;0;0;0;0;0;0;1;1;1;3
Heteroptera;CORIXIDAE;CORIXINAE;Sigara;sp.;;6829;Sigasp. ;Sigara;;0;1;3;0;0;0;0;3;2;0;2;2;3;3;0;2;0;0;1;3;0;2;0;0;1;2;1;2;0;0;0;1;0;1;0;2;3;0;1;0;5;0;0;0;0;0;0;0;3;3;1;1;2;0;0;0;0;3;2;0;2;0;0;1;2;3;1;2;3;0;0;1;1;1;1;1;1;4;3;2;0;2;1;1;3;1;0;1;2;1;3;0;0;3;0;3;2;0;0;3;3;2;3;3;0;0;3;0;3;3;2;0;1;1;3;3;3;3
Trichoptera;GOERIDAE;[Fam:GOERIDAE];Silo;sp.;;6836;Silosp. ;Silo;;0;0;3;1;0;0;0;3;0;0;3;0;3;3;3;0;0;0;0;3;0;0;0;0;1;1;1;2;0;0;0;0;3;2;3;0;0;0;0;0;0;4;0;0;2;1;0;1;1;4;0;0;0;0;0;0;0;1;3;0;0;0;0;2;2;0;0;0;0;0;2;5;2;4;1;0;0;0;3;1;0;2;2;2;2;1;5;2;1;0;2;0;0;1;0;0;1;3;2;3;2;1;3;0;0;0;3;1;2;3;0;0;0;0;0;1;1;3
Trichoptera;GOERIDAE;[Fam:GOERIDAE];Silonella;aurata;HAGEN, 1864;16046;Siloaura;Silonella aurata;;0;0;3;0;0;0;0;1;0;0;0;0;3;3;3;0;0;0;0;1;0;0;0;0;1;1;1;2;0;0;0;0;0;2;3;0;0;0;0;0;0;5;0;0;0;0;0;1;0;4;0;0;0;0;0;0;0;0;3;0;0;0;0;1;1;0;0;1;0;0;0;1;1;1;1;1;0;1;3;0;0;0;0;0;0;3;3;0;0;0;0;0;0;0;0;0;2;3;1;3;2;0;3;0;0;0;0;0;3;2;0;0;0;0;0;0;0;0
Diptera;SIMULIIDAE;SIMULIINAE;Simuliini;Gen. sp.;;?;?;Simuliinae;;0;2;3;0;0;0;0;3;1;0;2;3;2;3;3;0;0;1;0;3;1;0;1;0;2;2;3;1;1;0;0;1;0;3;1;0;3;0;0;0;0;2;0;1;4;0;0;3;0;1;0;0;1;0;0;0;0;0;1;3;0;0;0;5;2;1;0;2;0;0;1;2;2;2;1;1;0;1;1;2;1;2;2;2;2;2;4;1;0;0;5;0;2;1;0;0;1;2;2;1;3;1;3;0;2;2;3;1;2;3;1;0;1;1;2;2;2;3
Ephemeroptera;SIPHLONURIDAE;SIPHLONURINAE;Siphlonurus;sp.;;6864;siphlosp;Siphlonurus;;0;0;0;3;0;0;0;3;0;0;3;0;3;3;0;0;0;1;3;0;0;1;0;0;1;2;1;3;3;0;0;0;0;1;2;0;0;0;0;0;3;1;0;0;0;0;1;3;1;1;3;2;0;2;0;0;2;1;3;0;0;1;0;0;3;1;2;1;3;0;1;2;3;3;1;1;0;5;3;2;2;1;2;2;3;0;0;0;1;1;4;0;0;0;1;3;3;0;0;0;2;2;3;0;0;0;3;0;3;3;1;0;1;1;1;2;3;3
Plecoptera;CHLOROPERLIDAE;[Fam:CHLOROPERLIDAE];Siphonoperla;sp.;;6867;siphonsp;Siphonoperla;;0;0;3;2;0;0;0;2;1;1;2;0;3;3;0;0;0;0;3;0;0;0;0;0;2;2;0;1;0;0;0;0;3;3;0;0;0;0;0;0;0;4;1;1;0;0;1;1;2;1;0;0;1;5;0;0;1;3;1;0;0;1;0;5;0;0;0;0;0;0;2;5;2;1;1;0;0;0;2;1;1;2;3;2;0;0;4;3;3;0;3;0;2;2;0;0;0;2;1;3;0;0;3;0;2;0;1;1;2;1;0;0;0;0;1;2;3;3
Planipennia;SISYRIDAE;[Fam:SISYRIDAE];Sisyra;sp.;;6870;Sisysp. ;Sisyra;;0;3;0;0;0;0;0;3;0;0;2;2;0;3;0;0;0;1;0;0;1;0;3;0;2;2;0;2;0;3;0;3;0;0;3;0;2;0;0;0;2;3;0;0;0;0;0;0;0;0;0;0;0;5;0;0;0;1;0;0;3;0;3;0;4;2;0;0;2;0;0;0;0;1;1;0;0;2;3;2;0;3;3;3;3;3;3;0;0;0;4;1;0;0;0;3;3;1;1;0;1;1;3;0;0;0;3;0;0;3;2;0;0;0;0;0;0;3
Oligochaeta;NAIDIDAE;[Fam:NAIDIDAE];Slavina;appendiculata;D'UDEKEM, 1855;6871;Slavappe;Slavina appendiculata;;0;0;0;3;0;0;0;0;1;0;0;3;3;3;0;3;0;2;1;0;0;0;0;3;1;0;0;0;0;3;0;0;0;3;0;0;0;0;0;0;0;0;0;1;0;0;0;0;0;2;0;0;0;0;0;0;3;0;2;0;0;0;0;0;2;2;0;0;2;0;0;0;1;1;2;2;0;2;3;0;0;3;3;3;3;0;1;3;3;1;1;0;0;3;1;2;3;2;0;0;1;2;3;0;0;1;3;0;1;3;2;0;0;0;0;0;1;3
Odonata;CORDULIIDAE;CORDULIINAE;Somatochlora;sp.;;9192;Somasp. ;Somatochlora;;0;0;0;2;3;0;0;0;3;3;0;0;3;3;0;0;0;3;1;0;0;0;1;0;0;1;0;3;0;0;0;2;0;1;3;0;0;0;0;0;0;3;1;0;0;0;0;0;0;0;0;0;1;4;0;0;0;0;0;0;0;3;0;0;2;2;3;1;2;0;0;0;1;1;2;2;0;4;3;3;2;2;3;2;2;2;1;0;1;1;2;0;0;5;2;3;1;0;0;3;0;0;3;0;0;0;3;0;2;3;1;0;0;1;1;3;3;3
Oligochaeta;SPARGANOPHILIDAE;[Fam: SPARGANOPHILIDAE];Sparganophilus;tamesis;Benham, 1892;?;?;Sparganophilus tamesis;;0;0;0;0;0;0;3;0;1;0;0;0;2;2;0;2;0;0;0;3;0;0;0;0;1;1;0;0;0;0;0;0;3;3;0;0;0;0;0;0;0;0;1;1;0;0;1;3;0;1;0;0;0;0;0;0;2;0;0;0;0;0;0;0;3;0;0;0;3;0;0;0;2;2;0;0;0;2;1;0;0;0;3;0;3;0;3;0;0;0;0;0;3;0;3;3;1;0;0;0;0;1;3;0;0;0;1;0;0;1;0;0;0;0;0;3;3;2
Oligochaeta;NAIDIDAE;[Fam:NAIDIDAE];Specaria;josinae;VEJDOVSK_, 1883;6879;Specjosi;Specaria josinae;;0;0;3;3;0;0;0;0;1;0;0;3;3;3;0;3;0;2;1;0;0;0;0;3;2;0;0;0;0;3;0;0;0;3;0;0;0;0;0;0;0;0;2;1;0;0;0;2;0;2;0;0;0;0;0;1;3;0;1;0;0;0;0;0;2;2;0;0;2;2;0;1;1;1;2;1;0;1;3;0;0;3;3;3;3;0;1;2;3;3;2;1;0;0;1;2;2;1;0;0;2;2;3;0;0;1;3;0;0;3;2;0;0;0;0;0;1;3
Coleoptera;SPERCHEIDAE;[Fam:SPERCHEIDAE];Spercheus;emarginatus Ad. / Lv.;SCHALLER, 1783;8345 / 7197;speremad / Speremar;Spercheus emarginatus;;0;0;3;0;0;0;0;1;3;0;3;0;3;3;0;2;0;0;0;3;0;0;0;0;0;1;0;3;0;0;0;0;3;0;3;1;3;0;1;0;3;3;0;0;0;0;0;1;3;0;0;0;0;0;0;0;0;3;0;0;0;0;0;0;0;1;3;0;0;0;0;0;0;0;0;0;0;5;3;0;0;0;0;3;3;0;0;0;0;0;1;0;0;3;3;3;0;0;0;0;0;3;3;2;0;0;3;0;1;3;2;0;0;0;0;0;1;3
Bivalvia;SPHAERIIDAE;[Fam:SPHAERIIDAE];Sphaerium;sp.;SCOPOLI, 1777;6886;sphiumsp;Sphaerium;;0;0;0;3;1;0;0;1;3;0;3;3;3;3;0;3;3;0;0;0;0;0;0;0;3;1;1;0;0;0;0;1;0;1;3;0;0;0;0;0;0;1;4;0;2;0;0;3;0;5;1;0;2;0;0;0;0;0;0;3;0;0;0;0;1;2;1;1;1;0;0;1;1;3;3;3;0;2;3;0;0;3;3;3;3;3;2;0;4;2;2;1;0;0;4;3;2;1;0;1;3;1;3;1;0;0;3;0;1;3;2;0;0;0;1;2;3;3
Porifera;SPONGILLIDAE;[Fam:SPONGILLIDAE];Spongilla;lacustris;LINNAEUS, 1758;6894;Sponlacu;Spongilla lacustris;;0;0;0;0;3;2;1;3;0;0;3;0;3;3;0;3;3;0;0;0;0;0;0;3;3;0;0;0;3;0;0;0;0;3;0;0;0;0;0;0;1;0;0;0;0;3;0;2;0;1;0;0;1;0;0;0;0;0;0;3;0;0;0;1;3;1;0;0;3;0;0;0;0;1;1;1;0;3;3;1;0;2;2;2;2;0;4;2;0;0;1;0;2;0;1;3;2;1;0;1;2;0;3;1;0;1;3;;0;3;0;0;0;1;1;2;2;3
Trichoptera;HYDROPTILIDAE;[Fam:HYDROPTILIDAE];Stactobia;sp.;;7730;Stacsp. ;Stactobia;;3;1;0;0;0;0;0;3;0;0;0;3;3;3;3;0;0;0;0;3;0;0;0;0;1;1;2;1;0;0;0;0;3;3;0;0;0;0;0;0;0;5;0;0;0;0;0;1;0;1;3;0;0;0;0;0;0;0;0;0;3;0;0;0;3;2;0;0;0;0;3;1;0;0;0;0;0;1;1;2;2;2;2;2;0;1;3;0;0;0;3;0;0;0;0;0;2;3;1;0;1;1;3;0;0;3;0;3;1;0;0;0;0;0;0;0;0;0
Trichoptera;HYDROPTILIDAE;[Fam:HYDROPTILIDAE];Stactobiella;risi;FELBER, 1908;9782;Stacrisi;Stactobiella risi;;3;1;0;0;0;0;0;3;0;0;0;3;3;3;3;0;0;0;0;3;0;0;0;0;1;1;2;1;0;0;0;0;3;3;0;0;0;0;0;0;0;3;0;0;2;0;0;0;3;2;1;0;0;0;0;0;0;3;1;0;0;0;0;4;1;0;0;0;0;0;0;1;2;2;0;0;0;0;3;0;0;0;2;0;0;0;3;0;0;0;0;0;0;0;0;0;0;2;2;3;0;0;3;0;0;0;0;1;1;0;0;0;0;0;0;0;0;0
Gastropoda;LYMNAEIDAE;[Fam:LYMNAEIDAE];Stagnicola;sp.;JEFFREYS, 1830;9197;Stagsp. ;Stagnicola;;0;0;0;0;3;0;0;3;0;0;3;1;3;0;0;2;0;0;0;3;0;0;0;0;2;1;0;0;0;0;0;1;0;3;0;0;0;0;0;0;0;3;0;0;0;0;0;0;2;2;3;1;0;0;0;0;0;1;3;0;0;0;0;0;3;3;2;2;1;0;0;0;1;2;3;2;0;4;3;0;0;0;0;2;0;0;0;0;0;0;3;0;0;0;2;3;1;0;0;0;2;1;3;2;0;0;3;0;2;3;1;0;0;0;1;2;2;3
Coleoptera;ELMIDAE;ELMINAE;Stenelmis;sp. Ad. / Lv.;;12122 / 9199;stenspAd / stenelsp;Stenelmis;;0;3;0;0;0;0;0;1;3;0;3;0;3;3;0;2;0;0;0;3;0;0;0;0;2;1;0;2;0;0;0;0;3;1;3;3;0;0;1;0;0;4;0;1;0;0;0;1;0;3;0;0;0;0;0;0;0;1;3;0;0;0;0;3;3;0;0;0;0;0;0;1;2;3;3;1;0;0;3;0;0;3;3;3;3;3;3;2;1;0;1;0;2;0;0;0;3;3;1;2;3;0;3;0;0;0;3;0;1;1;1;0;0;0;0;1;1;3
Coleoptera;DYTISCIDAE;HYDROPORINAE;Stictonectes;sp. Ad. / Lv.;;12036 / 12037;StispAd / StispLv;Stictonectes;;0;3;0;0;0;0;0;1;3;0;1;3;3;3;0;2;0;0;0;3;0;0;0;0;1;1;0;3;0;0;0;0;3;1;0;0;3;0;1;0;3;3;0;0;0;0;0;0;0;0;0;0;2;3;0;0;0;3;0;0;3;0;0;0;1;2;1;1;1;0;0;1;1;0;0;0;0;4;3;1;0;3;3;3;3;3;0;1;0;0;3;0;0;3;3;3;0;0;0;0;3;1;3;0;0;0;3;0;0;3;0;0;0;0;1;1;1;3
Coleoptera;DYTISCIDAE;HYDROPORINAE;Stictotarsus;duodecimpustulatus Ad.;FABRICIUS, 1792;12038 / 6926;SticduAd / Sticduod;Stictotarsus duodecimpustulatus;;0;0;3;0;0;0;0;1;3;0;1;3;3;3;0;2;0;0;0;3;0;0;0;0;1;1;0;3;0;0;0;0;3;1;0;0;3;0;1;0;3;3;0;0;0;0;0;0;0;0;0;0;2;3;0;0;0;3;0;0;3;0;0;0;1;2;1;0;1;0;0;0;1;1;1;0;0;0;3;0;0;3;3;3;3;3;0;0;1;1;2;0;0;1;0;3;1;0;0;1;3;0;3;0;0;0;3;0;1;3;1;0;0;0;1;1;1;3
Diptera;STRATIOMYIIDAE;[Fam:STRATIOMYIIDAE];Stratiomyiidae;Gen. sp.;;8761;StraGen.;Stratiomyidae;;0;0;2;2;1;1;0;2;1;0;3;0;1;2;2;0;0;3;0;2;0;0;1;0;1;1;1;3;0;0;0;3;0;0;0;0;3;0;0;3;0;3;0;0;0;0;0;1;5;3;0;0;2;1;0;0;2;3;1;0;0;1;0;0;3;4;2;3;3;0;2;2;1;0;0;0;2;2;2;1;1;2;2;2;2;2;2;0;0;0;4;0;2;3;1;3;2;1;0;2;1;0;3;2;1;1;0;0;3;2;0;0;0;0;0;1;1;3
Oligochaeta;NAIDIDAE;[Fam:NAIDIDAE];Stylaria;lacustris;LINNAEUS, 1767;6934;Styllacu;Stylaria lacustris;;0;0;0;3;0;0;0;0;1;0;0;3;3;3;0;3;0;2;1;0;0;0;0;3;2;2;0;0;0;3;0;0;0;3;0;0;0;0;0;0;3;0;0;1;0;0;0;2;0;4;0;0;0;0;0;0;2;0;3;0;0;0;0;0;4;2;0;0;2;0;0;1;1;1;1;1;0;3;3;1;0;0;3;3;3;0;2;2;1;1;5;3;0;2;1;2;3;1;1;0;3;3;3;1;0;0;3;0;1;3;2;0;0;0;2;2;3;3
Oligochaeta;LUMBRICULIDAE;[Fam:LUMBRICULIDAE];Stylodrilus;heringianus;CLAPAREDE, 1862;6935;Stylheri;Stylodrilus heringianus;;0;0;0;0;0;3;0;0;1;0;0;3;3;3;0;3;0;0;0;3;0;0;0;0;1;0;0;0;0;1;0;0;3;3;0;0;0;0;0;0;0;0;0;1;0;0;1;3;0;1;0;0;0;0;0;1;3;0;0;0;0;0;0;3;2;0;1;0;2;2;2;2;2;2;2;2;0;0;3;1;1;3;3;3;3;0;3;5;2;0;1;1;0;0;2;1;1;3;3;3;1;1;3;0;1;0;3;0;3;3;1;0;0;1;2;3;3;3
Odonata;LESTIDAE;SYMPECMATINAE;Sympecma;sp.;;9204;sympecsp;Sympecma;;0;0;0;3;0;0;0;1;2;0;1;2;1;3;0;0;0;0;0;0;0;2;3;0;0;1;0;3;0;0;0;3;0;1;3;0;0;0;0;0;2;3;0;0;0;0;0;0;0;0;0;0;0;5;0;0;0;0;0;0;0;3;0;0;0;3;2;2;2;0;0;0;0;0;0;0;0;5;3;1;0;2;3;2;2;3;0;0;0;0;0;0;0;1;2;3;1;0;0;3;0;0;3;1;0;1;1;0;3;0;0;0;3;3;3;2;2;2
Odonata;LIBELLULIDAE;SYMPETRINAE;Sympetrum;sp.;;9205;sympetsp;Sympetrum;;0;0;0;3;0;0;0;3;0;0;3;1;2;3;0;0;0;3;0;0;0;0;1;0;1;0;0;3;2;0;0;0;3;1;3;0;0;0;0;0;2;4;0;0;0;0;0;0;0;0;0;0;0;5;0;0;0;0;0;0;0;3;0;0;1;3;3;1;2;0;0;0;0;0;0;0;0;3;3;3;2;2;2;2;2;2;1;1;1;0;4;0;0;4;1;3;2;1;0;1;2;0;3;1;0;0;3;0;1;3;1;0;1;1;1;1;1;2
Trichoptera;GLOSSOSOMATIDAE;[Fam:GLOSSOSOMATIDAE];Synagapetus;sp.;;6957;Synasp. ;Synagapetus;;0;0;3;0;0;0;0;3;1;1;3;0;3;3;3;0;0;0;0;3;0;0;0;0;1;2;1;1;0;0;0;0;3;3;0;0;0;0;0;0;0;3;0;0;2;0;0;2;0;5;0;0;0;0;0;0;0;0;3;0;0;0;0;4;2;0;0;0;0;0;4;2;1;1;0;0;0;0;3;3;1;2;2;2;1;0;5;1;0;0;0;2;0;0;0;0;3;2;0;3;0;0;3;0;3;0;0;2;1;0;0;0;0;0;0;0;0;0
Diptera;SYRPHIDAE;[Fam:SYRPHIDAE];Syrphidae;Gen. sp.;;9322;SyrpGen.;Syrphidae;;0;0;0;3;1;0;0;0;0;0;3;1;0;2;1;0;0;0;0;0;1;0;3;0;0;1;1;3;0;0;0;1;2;0;1;0;3;0;0;1;0;2;3;0;0;0;0;1;2;1;0;2;0;0;0;0;3;1;0;2;0;0;0;0;1;3;3;4;0;0;0;0;1;1;1;0;2;3;0;2;2;2;2;2;2;2;2;0;2;0;2;0;2;4;3;3;0;0;0;0;1;3;2;3;1;2;2;0;0;0;2;3;1;1;1;1;1;2
Diptera;TABANIDAE;[Fam:TABANIDAE];Tabanidae;Gen. sp.;;8485;TabaGen.;Tabanidae;;0;0;0;0;3;1;0;3;0;0;3;0;1;2;0;0;0;0;0;3;0;0;2;0;0;1;0;3;0;0;0;1;3;0;0;0;3;0;0;1;0;2;5;0;0;0;0;1;1;0;0;0;0;5;0;0;0;1;0;0;3;0;0;0;3;4;3;2;3;0;1;2;2;2;3;2;2;2;3;1;0;2;2;2;2;2;0;1;3;0;3;0;0;4;4;2;2;1;0;0;2;2;3;1;0;1;3;0;2;3;2;0;1;1;1;1;1;3
Plecoptera;TAENIOPTERYGIDAE;[Fam:TAENIOPTERYGIDAE];Taeniopteryx;sp.;;6971;Taensp. ;Taeniopteryx;;0;0;1;3;0;0;0;3;0;0;3;0;3;3;0;0;0;0;3;0;0;0;0;0;2;2;0;1;0;0;0;1;2;3;2;0;0;0;0;0;0;5;1;1;0;0;0;2;2;0;0;0;0;0;0;0;0;3;0;0;0;0;0;3;3;0;0;0;1;0;0;1;2;4;4;1;0;1;2;2;0;2;2;2;2;0;2;0;0;0;3;0;2;2;1;0;3;3;1;2;3;1;3;0;0;0;3;2;3;2;0;0;0;1;2;3;3;3
Diptera;CHIRONOMIDAE;TANYPODINAE;Tanypodinae;Gen. sp.;;6972;tannaeGe;Tanypodinae;;0;1;3;2;0;0;0;3;0;0;3;0;0;3;3;0;0;0;0;1;3;0;0;0;2;1;1;1;0;0;0;0;3;3;1;0;0;0;0;0;3;2;1;1;0;0;0;0;1;1;0;1;3;5;0;0;0;0;0;0;0;3;0;0;3;0;0;1;2;0;2;2;2;2;2;2;0;3;1;2;2;2;2;2;2;2;2;1;3;2;3;0;1;1;4;0;1;2;2;1;2;3;3;0;2;0;3;1;3;3;2;0;2;3;3;3;3;3
Diptera;CHIRONOMIDAE;CHIRONOMINAE-Tribus Tanytarsini;Tanytarsini;Gen. sp.;;6977;taniniGe;Tanytarsini;;0;2;3;0;0;0;0;3;0;0;3;3;0;3;3;0;1;0;0;1;3;0;0;0;1;1;3;1;0;0;0;1;3;3;1;0;0;0;0;0;2;3;0;1;2;0;1;4;1;2;0;0;0;0;0;0;3;2;2;1;0;0;0;0;3;1;1;2;2;0;1;2;2;2;1;0;1;3;3;2;1;2;2;2;2;2;3;1;2;1;4;0;2;2;2;2;2;2;1;2;3;1;3;2;1;2;3;1;3;2;1;0;1;1;3;3;3;3
Diptera;THAUMALEIDAE;[Fam:THAUMALEIDAE];Thaumaleidae;Gen. sp.;;7742;ThauGen.;Thaumaleidae;;0;0;0;3;0;0;0;3;0;0;3;0;1;2;2;0;0;0;0;0;0;0;3;0;2;1;0;1;0;0;0;0;1;0;0;0;3;0;0;0;0;5;0;0;0;0;0;2;2;4;0;0;0;0;0;0;0;1;3;0;0;0;0;0;3;0;0;0;0;0;2;4;0;0;0;0;0;0;1;3;1;1;3;1;1;1;5;0;0;0;0;0;0;1;1;0;1;2;2;3;0;0;3;0;3;0;0;0;1;0;0;0;0;0;0;0;1;3
Gastropoda;NERITIDAE;[Fam:NERITIDAE];Theodoxus;fluviatilis;LINNAEUS, 1758;7025;theofluv;Theodoxusfluviatilis;;0;0;3;1;0;0;0;3;1;0;3;0;3;0;0;3;0;0;3;0;0;0;0;0;2;1;0;0;0;0;0;1;0;1;3;0;0;0;0;0;0;3;0;0;2;0;0;0;3;5;3;1;2;2;0;0;0;1;3;0;0;0;0;2;4;0;0;0;3;0;0;0;0;1;3;2;2;2;3;0;0;3;3;3;3;3;5;1;0;0;1;0;2;0;0;0;2;3;2;3;3;1;3;3;0;1;3;0;1;3;0;0;0;0;0;0;1;3
Hirudinea;GLOSSIPHONIIDAE;THEROMYZINAE;Theromyzon;tessulatum;O.F. MÜLLER, 1774;7034;Thertess;Theromyzon tessulatum;;0;0;0;0;3;0;0;0;3;0;3;0;3;3;0;2;2;0;0;0;1;0;0;0;2;1;3;0;0;0;0;0;3;3;0;0;0;0;0;0;0;3;0;0;1;0;0;0;0;0;0;0;0;0;3;0;0;0;0;0;0;0;3;1;2;3;0;0;2;0;0;0;0;0;0;0;0;3;3;0;0;2;3;3;3;2;3;0;0;0;4;0;0;0;0;3;3;2;0;0;1;0;3;1;0;0;3;0;0;3;2;0;0;0;0;0;1;3
Ephemeroptera;LEPTOPHLEBIIDAE;ATALOPHLEBIINAE;Thraulus;bellus;EATON, 1881;13055;Thrabell;Thraulus bellus;;0;0;3;1;0;0;0;3;0;0;3;0;3;3;0;0;0;0;1;1;0;0;0;0;1;1;1;2;0;0;0;0;2;1;3;0;0;0;0;0;0;3;0;2;0;0;0;1;0;1;0;0;0;0;0;0;0;1;1;0;0;0;0;0;1;3;0;0;0;0;0;0;0;1;1;1;0;4;3;2;0;2;1;1;1;2;3;0;0;0;2;0;0;1;0;2;2;0;0;3;0;0;3;0;0;0;3;0;3;0;0;0;0;0;0;0;1;3
Trichoptera;UENOIDAE;[Fam:UENOIDAE];Thremma;sp.;;14645;Thrmsp. ;Thremma;;0;0;3;0;0;0;0;1;3;3;1;0;3;3;3;0;0;0;0;1;0;0;0;0;0;0;1;2;0;0;0;0;0;3;0;0;0;0;0;0;0;3;0;0;3;0;0;0;1;4;1;0;0;0;0;0;0;0;3;0;0;0;0;2;2;0;0;0;1;0;4;2;1;1;0;0;0;0;1;2;2;2;2;2;0;2;3;0;0;0;0;0;0;0;0;0;3;2;0;3;0;0;3;0;2;0;0;3;3;0;0;0;0;0;0;0;0;0
Trichoptera;PSYCHOMYIIDAE;[Fam:PSYCHOMYIIDAE];Tinodes;sp.;;7067;Tinosp. ;Tinodes;;0;1;3;1;0;0;0;3;0;0;2;3;3;3;3;0;0;0;0;3;0;0;0;0;2;1;1;1;0;0;0;0;3;3;0;0;0;0;0;0;0;2;0;0;3;1;0;2;0;3;1;0;2;1;0;0;1;0;3;2;0;1;0;1;3;1;0;1;3;0;1;2;2;2;1;1;1;3;3;1;0;2;2;2;1;1;4;2;1;0;2;0;2;1;0;1;3;1;1;0;2;2;3;0;0;1;1;1;3;2;1;0;0;0;1;2;2;3
Diptera;TIPULIDAE;[Fam:TIPULIDAE];Tipulidae;Gen. sp.;;8487;tipdaeGe;Tipulidae;;0;0;0;0;3;2;0;2;3;1;3;1;2;2;2;0;0;3;0;0;0;0;1;0;0;1;0;1;0;2;0;0;2;2;1;0;3;0;0;0;0;1;4;0;0;0;0;2;4;2;2;0;1;2;0;0;2;3;0;0;0;2;0;0;4;3;2;3;2;0;1;2;1;1;1;1;1;3;2;2;0;2;2;2;2;2;2;2;1;1;4;0;2;4;2;3;2;1;0;3;2;1;3;2;1;0;3;2;3;3;1;0;2;2;2;3;3;2
Ephemeroptera;EPHEMERELLIDAE;EPHEMERELLINAE;Torleya;major;KLAPÁLEK, 1905;7083;Ephemajo;Torleya major;;0;0;3;0;0;0;0;3;0;0;3;0;3;3;0;0;0;0;3;0;0;0;0;0;2;1;1;2;0;0;0;0;3;1;3;0;0;0;0;0;0;5;0;0;0;0;0;0;0;3;0;0;0;0;0;0;0;0;3;0;0;0;0;3;0;0;0;0;0;0;0;1;3;5;3;1;0;0;3;0;0;2;2;3;2;0;3;1;0;0;1;0;1;0;0;0;0;2;2;2;1;0;3;0;0;0;3;0;3;0;0;0;0;0;0;0;0;3
Trichoptera;LEPTOCERIDAE;[Fam:LEPTOCERIDAE];Triaenodes;sp.;;7091;Triasp. ;Triaenodes;;0;0;3;2;0;0;0;3;0;0;3;0;3;3;3;0;0;0;0;3;0;0;0;0;1;1;1;2;0;0;0;0;3;2;3;0;0;0;0;0;2;4;0;0;0;0;0;2;0;1;2;0;0;0;0;0;0;3;1;0;0;0;0;1;3;2;0;0;2;0;0;1;2;2;2;2;0;4;3;0;0;1;2;2;0;1;0;0;2;0;4;0;1;0;1;2;3;2;0;1;1;2;3;2;0;0;3;0;1;2;1;0;0;0;1;2;2;3
Trichoptera;HYDROPTILIDAE;[Fam:HYDROPTILIDAE];Tricholeiochiton;fagesii;GUINARD, 1879;9780;Tricfage;Tricholeiochiton fagesii;;0;3;0;0;0;0;0;3;0;0;1;1;3;3;3;0;0;0;0;3;0;0;0;0;1;1;2;1;0;0;0;0;3;3;0;0;0;0;0;0;0;3;0;0;0;0;0;1;0;1;3;0;0;0;0;0;0;0;0;0;3;0;0;0;2;2;0;1;2;0;0;0;0;0;0;0;0;5;3;0;0;1;2;2;2;2;0;0;0;0;3;0;0;0;1;3;1;0;0;1;3;2;3;0;0;0;3;0;0;0;0;0;0;0;1;1;1;3
Trichoptera;PHRYGANEIDAE;[Fam:PHRYGANEIDAE];Trichostegia;minor;CURTIS, 1834;7096;Tricmino;Trichostegia minor;;0;0;0;3;0;0;0;3;0;0;3;0;1;3;3;0;0;0;0;1;0;0;3;0;0;2;1;2;0;0;0;3;0;2;2;0;0;0;0;0;0;5;0;0;0;0;0;0;0;3;1;0;3;0;0;0;0;0;2;0;0;2;0;0;1;1;2;5;1;0;0;0;0;0;2;2;2;5;3;0;0;2;2;2;2;2;0;0;0;0;3;0;3;2;0;3;2;0;0;3;1;0;3;0;0;0;3;0;3;1;0;0;2;2;2;2;2;3
Diptera;CYLINDROTOMIDAE;CYLINDROTOMINAE;Triogma;sp.;SCHINER, 1863;11354;Triogmsp;Triogma;;0;0;0;3;0;0;0;0;3;0;3;0;0;3;3;0;0;1;3;0;0;0;0;0;0;1;0;1;0;0;0;0;2;0;0;0;3;0;0;0;0;2;3;0;1;0;0;1;3;0;4;0;0;0;0;0;0;3;0;0;0;0;0;5;0;3;0;0;0;0;1;3;0;0;0;0;0;0;2;2;0;0;0;2;2;1;0;0;0;0;5;0;0;0;0;2;2;2;1;0;1;0;3;0;0;0;1;0;0;0;0;0;0;0;0;0;0;0
Crustacea;TRIOPSIDAE;[Fam:TRIOPSIDAE];Triops;cancriformis;BOSC, 1801;7098;Triocanc;Triops cancriformis;;0;0;0;0;0;2;3;3;0;0;0;3;2;3;0;3;1;0;0;3;0;0;0;0;0;0;3;0;3;0;0;0;0;1;3;0;0;0;0;0;2;3;1;0;0;0;0;3;3;1;0;0;1;0;0;0;3;0;0;0;0;1;0;0;0;0;0;3;0;0;0;0;0;0;0;0;0;3;3;0;0;0;0;3;3;0;0;0;0;2;0;0;0;2;3;3;0;0;0;0;0;3;3;0;0;2;3;1;1;1;1;1;0;0;0;0;0;0
Hirudinea;ERPOBDELLIDAE;TROCHETINAE;Trocheta;sp.;;7109;Trocsp. ;Trocheta;;0;0;0;0;0;0;3;0;3;3;0;0;3;3;0;1;0;0;0;3;0;0;0;0;1;1;1;0;0;0;0;0;3;3;0;0;0;0;0;0;0;3;1;0;0;0;0;0;0;0;0;2;0;3;0;0;0;0;0;0;0;3;0;0;4;0;1;1;2;0;1;1;1;1;1;1;0;1;3;0;0;0;2;3;3;1;1;1;0;0;1;0;0;0;0;1;2;1;0;0;1;2;3;0;0;0;3;0;0;1;2;2;1;1;1;1;1;1
Porifera;SPONGILLIDAE;[Fam:SPONGILLIDAE];Trochospongilla;horrida;WELTNER, 1893;7111;Trochorr;Trochospongilla horrida;;0;0;0;0;3;2;1;3;0;0;3;0;3;3;0;3;3;0;0;0;0;0;0;3;3;0;0;0;3;0;0;0;0;3;0;0;0;0;0;0;1;0;0;0;0;3;0;2;0;1;0;0;1;0;0;0;0;0;0;3;0;0;0;1;3;1;0;0;3;0;0;0;0;0;0;0;0;3;3;0;0;1;1;1;1;0;3;0;0;0;1;0;2;0;0;3;2;1;0;3;0;0;3;0;0;1;3;0;0;3;0;0;0;0;0;2;3;3
Oligochaeta;NAIDIDAE;[Fam:NAIDIDAE];Uncinais;uncinata;ORSTED, 1842;7131;Unciunci;Uncinais uncinata;;0;0;1;3;0;0;0;0;1;0;0;3;3;3;0;3;0;2;1;0;0;0;0;3;1;0;0;0;0;3;0;0;0;3;0;0;0;0;0;0;0;0;0;1;0;0;1;2;0;2;0;0;0;0;0;0;3;0;1;0;0;0;0;0;2;0;0;0;2;0;0;0;1;1;1;1;0;0;3;0;0;3;3;0;3;0;0;0;3;2;2;2;0;0;3;2;2;0;0;1;3;1;3;0;0;0;3;0;2;3;0;0;0;0;0;0;0;3
Bivalvia;UNIONIDAE;UNIONINAE;Unio;sp.;PHILIPSSON, 1788;7138;Uniosp. ;Unio;;0;0;0;0;0;0;3;0;3;0;3;0;3;3;0;3;3;0;0;0;0;0;0;0;3;1;2;0;0;0;0;0;3;1;3;0;0;0;0;0;0;0;3;0;1;0;0;0;3;3;2;0;3;0;3;0;0;0;0;3;3;0;3;2;2;1;0;0;1;0;0;0;1;2;4;4;0;2;3;0;0;3;3;3;3;3;2;2;5;4;0;0;0;0;3;2;3;1;1;2;3;2;3;1;0;1;3;0;2;3;1;0;0;0;0;0;0;3
Bryozoa;BARENTSIIDAE;[Fam:BARENTSIIDAE];Urnatella ;gracilis;LEIDY, 1851;?;?;Urnatella gracilis;;0;3;0;0;0;0;0;3;0;3;0;0;3;3;0;3;3;0;0;0;0;0;0;3;3;1;0;0;0;0;0;0;3;3;0;0;0;0;0;0;0;0;0;0;0;3;0;0;0;3;0;0;0;0;0;0;0;0;0;3;0;0;0;0;3;0;0;0;2;0;0;0;0;0;1;1;0;3;3;0;0;0;0;0;3;0;3;0;0;0;0;0;3;0;0;3;2;1;0;0;3;0;2;1;0;3;2;0;0;3;0;0;0;0;0;0;1;3
Gastropoda;VALVATIDAE;[Fam:VALVATIDAE];Valvata;sp.;O.F. MÜLLER, 1774;7146;Valvsp. ;Valvata;;0;2;3;0;0;0;0;3;2;0;3;0;3;0;0;3;0;0;0;3;0;0;0;0;2;1;0;0;0;0;0;1;1;1;3;0;0;0;0;0;0;2;3;0;0;0;0;2;3;5;3;1;1;0;0;0;0;1;2;2;0;0;0;0;2;2;1;0;2;0;1;1;1;2;2;1;0;3;3;0;0;3;3;3;3;3;3;2;1;1;5;2;3;1;4;3;3;0;0;2;3;1;3;2;0;0;3;0;1;3;1;0;0;0;1;1;1;3
Oligochaeta;NAIDIDAE;[Fam:NAIDIDAE];Vejdovskiella;sp.;MICHAELSEN, 1903;9227;Vejdsp. ;Vejdoskyella;;0;0;3;3;0;0;0;0;1;0;0;3;3;3;0;3;0;2;1;0;0;0;0;3;2;0;0;0;0;3;0;0;0;3;0;0;0;0;0;0;0;0;0;1;0;0;0;3;0;2;0;0;0;0;0;0;3;0;1;0;0;0;0;0;2;1;0;2;1;0;0;1;2;2;2;2;0;2;3;0;0;3;3;0;3;0;1;1;2;2;0;0;0;0;1;2;3;1;0;3;1;0;3;0;0;0;3;0;3;3;0;0;2;2;2;2;2;2
Heteroptera;VELIIDAE;VELIINAE;Velia;sp.;;7150;Velisp. ;Velia;;0;0;3;0;0;0;0;3;0;0;3;1;0;2;0;2;0;0;0;3;0;0;3;0;1;3;0;1;0;0;0;3;0;0;0;0;3;0;1;4;0;0;0;0;0;0;0;0;0;0;0;1;0;3;0;0;0;0;0;0;3;1;0;0;4;2;0;1;2;1;2;2;1;1;1;0;0;5;3;2;0;2;1;1;2;2;3;0;2;0;1;0;0;1;0;1;2;1;0;3;1;1;3;1;0;0;3;0;3;1;0;0;0;0;1;2;2;3
Gastropoda;VIVIPARIDAE;[Fam:VIVIPARIDAE];Viviparus;sp.;MONTFORT, 1810;9230;Vivisp. ;Viviparus;;0;0;0;0;3;0;0;1;3;1;3;0;3;0;0;3;3;0;0;0;0;0;0;0;2;1;0;0;0;0;0;1;1;1;3;0;0;0;0;0;0;3;1;0;0;0;0;3;2;1;1;1;2;0;0;0;0;1;2;2;0;0;0;3;5;1;1;0;2;0;0;0;1;1;2;3;0;3;3;0;0;3;3;3;3;3;4;3;0;0;2;0;0;0;3;2;3;1;0;2;3;1;3;1;0;0;3;0;0;3;1;0;0;0;0;0;0;3
Trichoptera;PHILOPOTAMIDAE;[Fam:PHILOPOTAMIDAE];Wormaldia;sp.;;7168;Wormsp. ;Wormaldia;;0;0;3;0;0;0;0;0;3;3;0;0;3;3;3;0;0;0;0;3;0;0;0;0;1;2;1;1;0;0;0;0;3;3;1;0;0;0;0;0;0;2;0;0;3;0;0;3;0;3;0;0;0;0;0;0;0;0;2;3;0;0;0;5;0;0;0;0;1;0;2;4;1;1;0;0;0;1;3;1;1;2;2;2;1;1;3;0;0;0;3;0;0;2;0;0;3;2;2;3;1;0;3;0;3;0;0;2;1;0;0;0;0;0;0;3;3;3
Plecoptera;CHLOROPERLIDAE;[Fam:CHLOROPERLIDAE];Xanthoperla;apicalis;NEWMAN, 1836;11140;Xantapic;Xanthoperla apicalis;;0;0;3;0;0;0;0;3;0;1;3;0;3;3;0;0;0;0;3;0;0;0;0;0;2;2;0;1;0;0;0;0;3;3;0;0;0;0;0;0;0;5;0;0;0;0;0;2;1;0;0;0;2;5;0;0;1;3;0;0;0;1;0;5;0;0;0;0;0;0;0;0;2;2;1;1;0;0;3;2;0;0;3;0;3;0;3;3;0;0;0;0;0;1;0;0;0;2;1;3;0;0;3;0;0;0;3;2;3;1;0;0;0;0;3;3;3;3
Trichoptera;LEPTOCERIDAE;[Fam:LEPTOCERIDAE];Ylodes;simulans;TJEDER, 1929;8150;Ylodsimu;Ylodes simulans;;0;0;2;3;0;0;0;3;0;0;3;0;3;3;3;0;0;0;0;3;0;0;0;0;2;1;1;2;0;0;0;0;1;2;2;0;0;0;0;0;2;4;0;0;0;0;0;0;0;1;3;0;0;0;0;0;0;3;3;0;0;0;0;0;1;1;0;1;2;0;0;1;1;1;1;1;1;3;3;0;0;2;2;2;2;1;2;0;0;0;5;0;0;0;0;1;3;1;0;1;1;1;3;0;0;0;1;0;0;0;0;0;0;0;1;3;3;3
Coleoptera;DYTISCIDAE;HYDROPORINAE;Yola;bicarinata Ad. / Lv.;LATREILLE, 1804;12045 / 12046;YolbicAd / YolbicLv;Yola bicarinata;;0;3;0;0;0;0;0;1;3;0;1;3;3;3;0;2;0;0;0;3;0;0;0;0;0;1;0;3;0;0;0;0;3;1;0;0;3;0;1;0;3;3;0;1;0;0;0;0;0;0;0;0;2;3;0;0;0;3;0;0;3;0;0;0;2;3;0;1;1;0;0;0;0;0;0;0;0;5;3;0;0;2;2;3;3;3;1;2;2;0;0;0;0;0;2;3;1;0;0;1;3;0;3;0;1;0;3;0;0;0;0;0;0;0;1;1;1;3
